create table code_masters (
    master varchar(100) not null,
    code varchar(100) not null,
    name varchar(100),
    sequence int8,
    status char(1),
    primary key (master, code)
);
create table modules (
  module_id varchar(40) primary key,
  module_name varchar(255) not null,
  status char(1) not null,
  path varchar(255),
  resource_key varchar(255),
  icon varchar(255),
  sequence int not null,
  actions int4 null,
  parent varchar(40),
  created_by varchar(40),
  created_at timestamptz,
  updated_by varchar(40),
  updated_at timestamptz
);

create table users (
  user_id varchar(40) primary key,
  username varchar(255) not null,
  email varchar(255) not null,
  display_name varchar(255) not null,
  status char(1) not null,
  gender char(1),
  phone varchar(20),
  title varchar(10),
  position varchar(40),
  image_url varchar(500),
  language varchar(5),
  dateformat varchar(12),
  created_by varchar(40),
  created_at timestamptz,
  updated_by varchar(40),
  updated_at timestamptz,
  lastlogin timestamptz
);

create table roles (
  role_id varchar(40) primary key,
  role_name varchar(255) not null,
  status char(1) not null,
  remark varchar(255),
  created_by varchar(40),
  created_at timestamptz,
  updated_by varchar(40),
  updated_at timestamptz
);
create table user_roles (
  user_id varchar(40) not null,
  role_id varchar(40) not null,
  primary key (user_id, role_id)
);
create table role_modules (
  role_id varchar(40) not null,
  module_id varchar(40) not null,
  permissions int not null,
  primary key (role_id, module_id)
);

create table audit_logs (
  id varchar(255) primary key,
  resource varchar(255),
  user_id varchar(255),
  ip varchar(255),
  action varchar(255),
  time timestamptz,
  status varchar(255),
  remark varchar(255)
);
insert into modules (module_id,module_name,status,path,resource_key,icon,sequence,actions,parent) values ('dashboard','Dashboard','A','/dashboard','dashboard','assignments',1,7,'');
insert into modules (module_id,module_name,status,path,resource_key,icon,sequence,actions,parent) values ('admin','Admin','A','/admin','admin','contacts',2,7,'');
insert into modules (module_id,module_name,status,path,resource_key,icon,sequence,actions,parent) values ('setup','Setup','A','/setup','setup','settings',3,7,'');
insert into modules (module_id,module_name,status,path,resource_key,icon,sequence,actions,parent) values ('report','Report','A','/report','report','pie_chart',4,7,'');

insert into modules (module_id,module_name,status,path,resource_key,icon,sequence,actions,parent) values ('user','User Management','A','/users','user','person',1,7,'admin');
insert into modules (module_id,module_name,status,path,resource_key,icon,sequence,actions,parent) values ('role','Role Management','A','/roles','role','credit_card',2,7,'admin');
insert into modules (module_id,module_name,status,path,resource_key,icon,sequence,actions,parent) values ('audit_log','Audit Log','A','/audit-logs','audit_log','zoom_in',4,1,'admin');

insert into modules (module_id,module_name,status,path,resource_key,icon,sequence,actions,parent) values ('article','Article','A','/articles','article','public',1,7,'setup');
insert into modules (module_id,module_name,status,path,resource_key,icon,sequence,actions,parent) values ('job','Job','A','/jobs','jobs','local_atm',2,7,'setup');
insert into modules (module_id,module_name,status,path,resource_key,icon,sequence,actions,parent) values ('contact','Contact','A','/contacts','contact','public',1,7,'setup');

insert into roles (role_id, role_name, status, remark) values ('admin','Admin','A','Admin');
insert into roles (role_id, role_name, status, remark) values ('call_center','Call Center','A','Call Center');
insert into roles (role_id, role_name, status, remark) values ('it_support','IT Support','A','IT Support');
insert into roles (role_id, role_name, status, remark) values ('operator','Operator Group','A','Operator Group');

insert into users (user_id,username,email,display_name,image_url,status,gender,phone,title,position) values ('00001','gareth.bale','gareth.bale@gmail.com','Gareth Bale','https://upload.wikimedia.org/wikipedia/commons/thumb/4/41/Liver-RM_%282%29_%28cropped%29.jpg/440px-Liver-RM_%282%29_%28cropped%29.jpg','A','M','0987654321','Mr','M');
insert into users (user_id,username,email,display_name,image_url,status,gender,phone,title,position) values ('00002','cristiano.ronaldo','cristiano.ronaldo@gmail.com','Cristiano Ronaldo','https://upload.wikimedia.org/wikipedia/commons/thumb/8/8c/Cristiano_Ronaldo_2018.jpg/400px-Cristiano_Ronaldo_2018.jpg','I','M','0987654321','Mr','E');
insert into users (user_id,username,email,display_name,image_url,status,gender,phone,title,position) values ('00003','james.rodriguez','james.rodriguez@gmail.com','James Rodríguez','https://upload.wikimedia.org/wikipedia/commons/thumb/7/79/James_Rodriguez_2018.jpg/440px-James_Rodriguez_2018.jpg','A','M','0987654321','Mr','E');
insert into users (user_id,username,email,display_name,image_url,status,gender,phone,title,position) values ('00004','zinedine.zidane','zinedine.zidane@gmail.com','Zinedine Zidane','https://upload.wikimedia.org/wikipedia/commons/f/f3/Zinedine_Zidane_by_Tasnim_03.jpg','A','M','0987654321','Mr','E');
insert into users (user_id,username,email,display_name,image_url,status,gender,phone,title,position) values ('00005','kaka','kaka@gmail.com','Kaká','https://upload.wikimedia.org/wikipedia/commons/thumb/6/6d/Kak%C3%A1_visited_Stadium_St._Petersburg.jpg/500px-Kak%C3%A1_visited_Stadium_St._Petersburg.jpg','A','M','0987654321','Mr','E');
insert into users (user_id,username,email,display_name,image_url,status,gender,phone,title,position) values ('00006','luis.figo','luis.figo@gmail.com','Luís Figo','https://upload.wikimedia.org/wikipedia/commons/thumb/6/63/UEFA_TT_7209.jpg/440px-UEFA_TT_7209.jpg','A','M','0987654321','Mr','E');
insert into users (user_id,username,email,display_name,image_url,status,gender,phone,title,position) values ('00007','ronaldo','ronaldo@gmail.com','Ronaldo','https://upload.wikimedia.org/wikipedia/commons/c/c8/Real_Valladolid-Valencia_CF%2C_2019-05-18_%2890%29_%28cropped%29.jpg','I','M','0987654321','Mr','E');
insert into users (user_id,username,email,display_name,image_url,status,gender,phone,title,position) values ('00008','thibaut.courtois','thibaut.courtois@gmail.com','Thibaut Courtois','https://upload.wikimedia.org/wikipedia/commons/thumb/c/c4/Courtois_2018_%28cropped%29.jpg/440px-Courtois_2018_%28cropped%29.jpg','I','M','0987654321','Mr','E');
insert into users (user_id,username,email,display_name,image_url,status,gender,phone,title,position) values ('00009','luka.modric','luka.modric@gmail.com','Luka Modrić','https://upload.wikimedia.org/wikipedia/commons/thumb/e/e9/ISL-HRV_%287%29.jpg/440px-ISL-HRV_%287%29.jpg','A','M','0987654321','Mr','E');
insert into users (user_id,username,email,display_name,image_url,status,gender,phone,title,position) values ('00010','xabi.alonso','xabi.alonso@gmail.com','Xabi Alonso','https://upload.wikimedia.org/wikipedia/commons/thumb/4/4a/Xabi_Alonso_Training_2017-03_FC_Bayern_Muenchen-3_%28cropped%29.jpg/440px-Xabi_Alonso_Training_2017-03_FC_Bayern_Muenchen-3_%28cropped%29.jpg','A','M','0987654321','Mr','E');
insert into users (user_id,username,email,display_name,image_url,status,gender,phone,title,position) values ('00011','karim.benzema','karim.benzema@gmail.com','Karim Benzema','https://upload.wikimedia.org/wikipedia/commons/thumb/e/e4/Karim_Benzema_2018.jpg/440px-Karim_Benzema_2018.jpg','A','M','0987654321','Mr','E');
insert into users (user_id,username,email,display_name,image_url,status,gender,phone,title,position) values ('00012','marc-andre.ter.stegen','marc-andre.ter.stegen@gmail.com','Marc-André ter Stegen','https://upload.wikimedia.org/wikipedia/commons/thumb/e/e1/Marc-Andr%C3%A9_ter_Stegen.jpg/500px-Marc-Andr%C3%A9_ter_Stegen.jpg','I','M','0987654321','Mr','E');
insert into users (user_id,username,email,display_name,image_url,status,gender,phone,title,position) values ('00013','sergino.dest','sergino.dest@gmail.com','Sergiño Dest','https://upload.wikimedia.org/wikipedia/commons/thumb/6/6e/Sergino_Dest.jpg/440px-Sergino_Dest.jpg','I','M','0987654321','Mr','E');
insert into users (user_id,username,email,display_name,image_url,status,gender,phone,title,position) values ('00014','gerard.pique','gerard.pique@gmail.com','Gerard Piqué','https://upload.wikimedia.org/wikipedia/commons/4/4e/Gerard_Piqu%C3%A9_2018.jpg','A','M','0987654321','Mr','M');
insert into users (user_id,username,email,display_name,image_url,status,gender,phone,title,position) values ('00015','ronald.araujo','ronald.araujo@gmail.com','Ronald Araújo','https://pbs.twimg.com/media/EtnqxaEU0AAc6A6.jpg','A','M','0987654321','Mr','M');
insert into users (user_id,username,email,display_name,image_url,status,gender,phone,title,position) values ('00016','sergio.busquets','sergio.busquets@gmail.com','Sergio Busquets','https://upload.wikimedia.org/wikipedia/commons/thumb/f/fd/Sergio_Busquets_2018.jpg/440px-Sergio_Busquets_2018.jpg','A','M','0987654321','Mr','E');
insert into users (user_id,username,email,display_name,image_url,status,gender,phone,title,position) values ('00017','antoine.griezmann','antoine.griezmann@gmail.com','Antoine Griezmann','https://upload.wikimedia.org/wikipedia/commons/thumb/f/fc/Antoine_Griezmann_in_2018_%28cropped%29.jpg/440px-Antoine_Griezmann_in_2018_%28cropped%29.jpg','A','M','0987654321','Mr','E');
insert into users (user_id,username,email,display_name,image_url,status,gender,phone,title,position) values ('00018','miralem.pjanic','miralem.pjanic@gmail.com','Miralem Pjanić','https://upload.wikimedia.org/wikipedia/commons/thumb/d/d4/20150331_2025_AUT_BIH_2130_Miralem_Pjani%C4%87.jpg/440px-20150331_2025_AUT_BIH_2130_Miralem_Pjani%C4%87.jpg','A','M','0987654321','Mrs','M');
insert into users (user_id,username,email,display_name,image_url,status,gender,phone,title,position) values ('00019','martin.braithwaite','martin.braithwaite@gmail.com','Martin Braithwaite','https://img.a.transfermarkt.technology/portrait/header/95732-1583334177.jpg','A','M','0987654321','Mr','E');
insert into users (user_id,username,email,display_name,image_url,status,gender,phone,title,position) values ('00020','ousmane.dembele','ousmane.dembele@gmail.com','Ousmane Dembélé','https://upload.wikimedia.org/wikipedia/commons/7/77/Ousmane_Demb%C3%A9l%C3%A9_2018.jpg','A','M','0987654321','Ms','E');
insert into users (user_id,username,email,display_name,image_url,status,gender,phone,title,position) values ('00021','riqui.puig','riqui.puig@gmail.com','Riqui Puig','https://upload.wikimedia.org/wikipedia/commons/thumb/a/ae/Bar%C3%A7a_Napoli_12_%28cropped%29.jpg/440px-Bar%C3%A7a_Napoli_12_%28cropped%29.jpg','A','M','0987654321','Ms','E');
insert into users (user_id,username,email,display_name,image_url,status,gender,phone,title,position) values ('00022','philip.coutinho','philip.coutinho@gmail.com','Philip Coutinho','https://upload.wikimedia.org/wikipedia/commons/thumb/9/96/Norberto_Murara_Neto_2019.jpg/440px-Norberto_Murara_Neto_2019.jpg','A','M','0987654321','Mr','E');
insert into users (user_id,username,email,display_name,image_url,status,gender,phone,title,position) values ('00023','victor.lindelof','victor.lindelof@gmail.com','Victor Lindelöf','https://upload.wikimedia.org/wikipedia/commons/thumb/c/cc/CSKA-MU_2017_%286%29.jpg/440px-CSKA-MU_2017_%286%29.jpg','I','M','0987654321','Mr','E');
insert into users (user_id,username,email,display_name,image_url,status,gender,phone,title,position) values ('00024','eric.bailly','eric.bailly@gmail.com','Eric Bailly','https://upload.wikimedia.org/wikipedia/commons/c/cf/Eric_Bailly_-_ManUtd.jpg','I','M','0987654321','Mr','E');
insert into users (user_id,username,email,display_name,image_url,status,gender,phone,title,position) values ('00025','phil.jones','phil.jones@gmail.com','Phil Jones','https://upload.wikimedia.org/wikipedia/commons/f/fa/Phil_Jones_2018-06-28_1.jpg','I','M','0987654321','Mr','E');
insert into users (user_id,username,email,display_name,image_url,status,gender,phone,title,position) values ('00026','harry.maguire','harry.maguire@gmail.com','Harry Maguire','https://upload.wikimedia.org/wikipedia/commons/b/be/Harry_Maguire_2018-07-11_1.jpg','A','M','0987654321','Mr','E');
insert into users (user_id,username,email,display_name,image_url,status,gender,phone,title,position) values ('00027','paul.pogba','paul.pogba@gmail.com','Paul Pogba','https://upload.wikimedia.org/wikipedia/commons/b/be/Harry_Maguire_2018-07-11_1.jpg','I','M','0987654321','Mr','E');
insert into users (user_id,username,email,display_name,image_url,status,gender,phone,title,position) values ('00028','edinson.cavani','edinson.cavani@gmail.com','Edinson Cavani','https://upload.wikimedia.org/wikipedia/commons/thumb/8/88/Edinson_Cavani_2018.jpg/440px-Edinson_Cavani_2018.jpg','A','M','0987654321','Mr','E');
insert into users (user_id,username,email,display_name,image_url,status,gender,phone,title,position) values ('00029','juan.mata','juan.mata@gmail.com','Juan Mata','https://upload.wikimedia.org/wikipedia/commons/7/70/Ukr-Spain2015_%286%29.jpg','A','M','0987654321','Mr','E');
insert into users (user_id,username,email,display_name,image_url,status,gender,phone,title,position) values ('00030','anthony.martial','anthony.martial@gmail.com','Anthony Martial','https://upload.wikimedia.org/wikipedia/commons/thumb/8/88/Anthony_Martial_27_September_2017_cropped.jpg/440px-Anthony_Martial_27_September_2017_cropped.jpg','A','M','0987654321','Mr','E');
insert into users (user_id,username,email,display_name,image_url,status,gender,phone,title,position) values ('00031','marcus.rashford','marcus.rashford@gmail.com','Marcus Rashford','https://upload.wikimedia.org/wikipedia/commons/5/5e/Press_Tren_CSKA_-_MU_%283%29.jpg','A','M','0987654321','Mr','E');
insert into users (user_id,username,email,display_name,image_url,status,gender,phone,title,position) values ('00032','mason.greenwood','mason.greenwood@gmail.com','Mason Greenwood','https://upload.wikimedia.org/wikipedia/commons/thumb/e/e0/Mason_Greenwood.jpeg/440px-Mason_Greenwood.jpeg','A','M','0987654321','Ms','E');
insert into users (user_id,username,email,display_name,image_url,status,gender,phone,title,position) values ('00033','lee.grant','lee.grant@gmail.com','Lee Grant','https://upload.wikimedia.org/wikipedia/commons/thumb/8/8e/LeeGrant09.jpg/400px-LeeGrant09.jpg','A','M','0987654321','Ms','E');
insert into users (user_id,username,email,display_name,image_url,status,gender,phone,title,position) values ('00034','jesse.lingard','jesse.lingard@gmail.com','Jesse Lingard','https://upload.wikimedia.org/wikipedia/commons/thumb/1/11/Jesse_Lingard_2018-06-13_1.jpg/440px-Jesse_Lingard_2018-06-13_1.jpg','A','M','0987654321','Mr','E');
insert into users (user_id,username,email,display_name,image_url,status,gender,phone,title,position) values ('00035','keylor.navas','keylor.navas@gmail.com','Keylor Navas','https://upload.wikimedia.org/wikipedia/commons/thumb/d/dc/Keylor_Navas_2018_%28cropped%29.jpg/220px-Keylor_Navas_2018_%28cropped%29.jpg','A','M','0987654321','Mr','E');
insert into users (user_id,username,email,display_name,image_url,status,gender,phone,title,position) values ('00036','achraf.hakimi','achraf.hakimi@gmail.com','Achraf Hakimi','https://upload.wikimedia.org/wikipedia/commons/9/91/Iran-Morocco_by_soccer.ru_14_%28Achraf_Hakimi%29.jpg','A','M','0987654321','Mr','E');
insert into users (user_id,username,email,display_name,image_url,status,gender,phone,title,position) values ('00037','presnel.kimpembe','presnel.kimpembe@gmail.com','Presnel Kimpembe','https://upload.wikimedia.org/wikipedia/commons/thumb/0/0e/Presnel_Kimpembe.jpg/400px-Presnel_Kimpembe.jpg','A','M','0987654321','Mr','E');
insert into users (user_id,username,email,display_name,image_url,status,gender,phone,title,position) values ('00038','sergio.ramos','sergio.ramos@gmail.com','Sergio Ramos','https://upload.wikimedia.org/wikipedia/commons/thumb/8/88/FC_RB_Salzburg_versus_Real_Madrid_%28Testspiel%2C_7._August_2019%29_09.jpg/440px-FC_RB_Salzburg_versus_Real_Madrid_%28Testspiel%2C_7._August_2019%29_09.jpg','A','M','0987654321','Mr','E');
insert into users (user_id,username,email,display_name,image_url,status,gender,phone,title,position) values ('00039','marquinhos','marquinhos@gmail.com','Marquinhos','https://upload.wikimedia.org/wikipedia/commons/thumb/8/8c/Brasil_conquista_primeiro_ouro_ol%C3%ADmpico_nos_penaltis_1039278-20082016-_mg_4916_%28cropped%29.jpg/440px-Brasil_conquista_primeiro_ouro_ol%C3%ADmpico_nos_penaltis_1039278-20082016-_mg_4916_%28cropped%29.jpg','A','M','0987654321','Mr','E');
insert into users (user_id,username,email,display_name,image_url,status,gender,phone,title,position) values ('00040','marco.verratti','marco.verratti@gmail.com','Marco Verratti','https://upload.wikimedia.org/wikipedia/commons/d/d0/Kiev-PSG_%289%29.jpg','A','M','0987654321','Mr','E');

update users set language = 'en', dateformat = 'd/M/yyyy';

insert into user_roles(user_id, role_id) values ('00001','admin');
insert into user_roles(user_id, role_id) values ('00003','admin');
insert into user_roles(user_id, role_id) values ('00004','admin');
insert into user_roles(user_id, role_id) values ('00005','it_support');
insert into user_roles(user_id, role_id) values ('00007','admin');
insert into user_roles(user_id, role_id) values ('00008','call_center');
insert into user_roles(user_id, role_id) values ('00009','it_support');
insert into user_roles(user_id, role_id) values ('00010','call_center');
insert into user_roles(user_id, role_id) values ('00011','it_support');
insert into user_roles(user_id, role_id) values ('00012','call_center');
insert into user_roles(user_id, role_id) values ('00012','it_support');

insert into role_modules(role_id, module_id, permissions) values ('admin', 'dashboard', 7);
insert into role_modules(role_id, module_id, permissions) values ('admin', 'setup', 7);
insert into role_modules(role_id, module_id, permissions) values ('admin', 'report', 7);
insert into role_modules(role_id, module_id, permissions) values ('admin', 'admin', 7);
insert into role_modules(role_id, module_id, permissions) values ('admin', 'user', 7);
insert into role_modules(role_id, module_id, permissions) values ('admin', 'role', 7);
insert into role_modules(role_id, module_id, permissions) values ('admin', 'audit_log', 7);

insert into role_modules(role_id, module_id, permissions) values ('it_support', 'dashboard', 7);
insert into role_modules(role_id, module_id, permissions) values ('it_support', 'admin', 7);
insert into role_modules(role_id, module_id, permissions) values ('it_support', 'user', 7);
insert into role_modules(role_id, module_id, permissions) values ('it_support', 'role', 7);
insert into role_modules(role_id, module_id, permissions) values ('it_support', 'audit_log', 7);
insert into role_modules(role_id, module_id, permissions) values ('it_support', 'setup', 7);
insert into role_modules(role_id, module_id, permissions) values ('it_support', 'article', 7);
insert into role_modules(role_id, module_id, permissions) values ('it_support', 'job', 7);
insert into role_modules(role_id, module_id, permissions) values ('it_support', 'contact', 7);

insert into audit_logs (id, resource, user_id, ip, "action", "time", status, remark) values('6xydt3Qap', 'authentication', '00005', '188.239.138.226', 'authenticate', '2023-07-02 21:00:06.811', 'success', '');
insert into audit_logs (id, resource, user_id, ip, "action", "time", status, remark) values('gRAIVh1tM', 'term', '00005', '188.239.138.226', 'patch', '2023-07-03 12:09:51.659', 'success', '');
insert into audit_logs (id, resource, user_id, ip, "action", "time", status, remark) values('d8sQRO1ap', 'entity', '00005', '188.239.138.226', 'patch', '2023-07-03 13:04:20.950', 'success', '');
insert into audit_logs (id, resource, user_id, ip, "action", "time", status, remark) values('gMu1Rh1aM', 'entity', '00005', '188.239.138.226', 'patch', '2023-07-03 13:04:24.491', 'success', '');
insert into audit_logs (id, resource, user_id, ip, "action", "time", status, remark) values('jrFkzsQaM', 'authentication', '00005', '188.239.138.226', 'authenticate', '2023-07-03 16:00:42.627', 'success', '');
insert into audit_logs (id, resource, user_id, ip, "action", "time", status, remark) values('4lVacs1aM', 'authentication', '00001', '::1', 'authenticate', '2023-07-03 16:22:13.157', 'success', '');
insert into audit_logs (id, resource, user_id, ip, "action", "time", status, remark) values('a8Y-cbQtM', 'product', '00001', '95.194.49.166', 'patch', '2023-07-03 16:22:23.430', 'success', '');
insert into audit_logs (id, resource, user_id, ip, "action", "time", status, remark) values('Wvc4Us1aM', 'term', '00001', '95.194.49.166', 'patch', '2023-07-03 20:43:31.757', 'success', '');
insert into audit_logs (id, resource, user_id, ip, "action", "time", status, remark) values('tcztIsQap', 'term', '00001', '::1', 'create', '2023-07-03 20:44:02.086', 'success', '');
insert into audit_logs (id, resource, user_id, ip, "action", "time", status, remark) values('dO7zIb1ap', 'entity', '00001', '::1', 'patch', '2023-07-03 20:44:47.349', 'success', '');
insert into audit_logs (id, resource, user_id, ip, "action", "time", status, remark) values('K-KcIbQtp', 'company', '00001', '::1', 'patch', '2023-07-03 20:45:55.702', 'success', '');
insert into audit_logs (id, resource, user_id, ip, "action", "time", status, remark) values('G5JcIsQap', 'company', '00001', '::1', 'patch', '2023-07-03 20:45:59.129', 'success', '');
insert into audit_logs (id, resource, user_id, ip, "action", "time", status, remark) values('HaLnIb1tM', 'company', '00001', '::1', 'patch', '2023-07-03 20:46:02.818', 'success', '');
insert into audit_logs (id, resource, user_id, ip, "action", "time", status, remark) values('h_kcUbQap', 'company', '00001', '219.62.20.91', 'patch', '2023-07-03 20:46:05.519', 'success', '');
insert into audit_logs (id, resource, user_id, ip, "action", "time", status, remark) values('jpTZIbQtM', 'company', '00001', '70.182.126.53', 'patch', '2023-07-03 20:46:07.779', 'success', '');
insert into audit_logs (id, resource, user_id, ip, "action", "time", status, remark) values('UH_ZUsQtp', 'company', '00001', '70.182.126.53', 'patch', '2023-07-03 20:46:32.408', 'success', '');
insert into audit_logs (id, resource, user_id, ip, "action", "time", status, remark) values('wP1SUsQtp', 'company', '00001', '70.182.126.53', 'patch', '2023-07-03 20:46:34.747', 'success', '');
insert into audit_logs (id, resource, user_id, ip, "action", "time", status, remark) values('BxYPUb1aM', 'role', '00001', '::1', 'patch', '2023-07-03 20:46:42.944', 'fail', 'Data Validation Failed');
insert into audit_logs (id, resource, user_id, ip, "action", "time", status, remark) values('rjegUs1tM', 'role', '00001', '::1', 'patch', '2023-07-03 20:47:02.120', 'fail', 'Data Validation Failed');
insert into audit_logs (id, resource, user_id, ip, "action", "time", status, remark) values('lbmgUbQtM', 'role', '00001', '::1', 'patch', '2023-07-03 20:47:09.713', 'fail', 'Data Validation Failed');
insert into audit_logs (id, resource, user_id, ip, "action", "time", status, remark) values('5o7-JsQap', 'role', '00001', '::1', 'patch', '2023-07-03 21:02:15.442', 'success', '');
insert into audit_logs (id, resource, user_id, ip, "action", "time", status, remark) values('6eTFGbQap', 'role', '00001', '::1', 'patch', '2023-07-03 21:05:48.155', 'success', '');
insert into audit_logs (id, resource, user_id, ip, "action", "time", status, remark) values('14S3JsQaM', 'role', '00001', '::1', 'patch', '2023-07-03 21:05:55.771', 'fail', 'pq: duplicate key text violates unique constraint "rolemodules_pkey"');
insert into audit_logs (id, resource, user_id, ip, "action", "time", status, remark) values('DOYhJb1tp', 'article', '00001', '::1', 'patch', '2023-07-03 21:06:22.692', 'success', '');
insert into audit_logs (id, resource, user_id, ip, "action", "time", status, remark) values('gKzOGs1tp', 'article', '00001', '::1', 'patch', '2023-07-03 21:06:25.995', 'success', '');
insert into audit_logs (id, resource, user_id, ip, "action", "time", status, remark) values('SD3OJsQaM', 'authentication', '00005', '188.239.138.226', 'authenticate', '2023-07-03 21:06:32.586', 'success', '');
insert into audit_logs (id, resource, user_id, ip, "action", "time", status, remark) values('wD-7GbQaM', 'term', '00005', '188.239.138.226', 'patch', '2023-07-03 21:08:36.507', 'success', '');
insert into audit_logs (id, resource, user_id, ip, "action", "time", status, remark) values('n3x7Js1tp', 'product', '00005', '188.239.138.226', 'patch', '2023-07-03 21:08:41.929', 'success', '');
insert into audit_logs (id, resource, user_id, ip, "action", "time", status, remark) values('Jm2NJbQap', 'product', '00005', '188.239.138.226', 'patch', '2023-07-03 21:08:47.577', 'success', '');
insert into audit_logs (id, resource, user_id, ip, "action", "time", status, remark) values('mHJNJbQtM', 'product', '00005', '188.239.138.226', 'patch', '2023-07-03 21:08:54.878', 'success', '');
insert into audit_logs (id, resource, user_id, ip, "action", "time", status, remark) values('u2RuJs1tM', 'user', '00005', '188.239.138.226', 'patch', '2023-07-03 21:09:32.212', 'success', '');
insert into audit_logs (id, resource, user_id, ip, "action", "time", status, remark) values('2GrXJb1tM', 'user', '00005', '188.239.138.226', 'patch', '2023-07-03 21:09:43.729', 'fail', 'Data Validation Failed');
insert into audit_logs (id, resource, user_id, ip, "action", "time", status, remark) values('tx0dJsQtM', 'user', '00005', '188.239.138.226', 'patch', '2023-07-03 21:10:10.950', 'fail', 'Data Validation Failed');
insert into audit_logs (id, resource, user_id, ip, "action", "time", status, remark) values('Ua9dJbQaM', 'user', '00005', '188.239.138.226', 'patch', '2023-07-03 21:10:15.896', 'fail', 'Data Validation Failed');
insert into audit_logs (id, resource, user_id, ip, "action", "time", status, remark) values('QD3KJb1tp', 'user', '00005', '188.239.138.226', 'patch', '2023-07-03 21:10:21.980', 'fail', 'Data Validation Failed');
insert into audit_logs (id, resource, user_id, ip, "action", "time", status, remark) values('CU5dGs1tM', 'user', '00005', '188.239.138.226', 'patch', '2023-07-03 21:10:26.719', 'fail', 'Data Validation Failed');
insert into audit_logs (id, resource, user_id, ip, "action", "time", status, remark) values('UnAKJs1tM', 'user', '00005', '188.239.138.226', 'patch', '2023-07-03 21:10:31.352', 'fail', 'Data Validation Failed');
insert into audit_logs (id, resource, user_id, ip, "action", "time", status, remark) values('SiyKGs1ap', 'user', '00005', '188.239.138.226', 'patch', '2023-07-03 21:10:38.634', 'fail', 'Data Validation Failed');
insert into audit_logs (id, resource, user_id, ip, "action", "time", status, remark) values('yYReJsQaM', 'user', '00005', '188.239.138.226', 'patch', '2023-07-03 21:11:10.110', 'success', '');

insert into code_masters(master, code, name, sequence, status) values ('language','en','English',1,'A');
insert into code_masters(master, code, name, sequence, status) values ('language','vi','Tiếng Việt',2,'A');
insert into code_masters(master, code, name, sequence, status) values ('date_format','yyyy/M/d','yyyy/M/d',1,'A');
insert into code_masters(master, code, name, sequence, status) values ('date_format','yyyy/MM/dd','yyyy/MM/dd',2,'A');
insert into code_masters(master, code, name, sequence, status) values ('date_format','yyyy-M-d','yyyy-M-d',3,'A');
insert into code_masters(master, code, name, sequence, status) values ('date_format','yyyy-MM-dd','yyyy-MM-dd',4,'A');
insert into code_masters(master, code, name, sequence, status) values ('date_format','yyyy.MM.dd','yyyy.MM.dd',5,'A');
insert into code_masters(master, code, name, sequence, status) values ('date_format','yy.MM.dd','yy.MM.dd',6,'I');
insert into code_masters(master, code, name, sequence, status) values ('date_format','d/M/yyyy','d/M/yyyy',7,'A');
insert into code_masters(master, code, name, sequence, status) values ('date_format','d/MM/yyyy','d/MM/yyyy',8,'I');
insert into code_masters(master, code, name, sequence, status) values ('date_format','dd/MM/yyyy','dd/MM/yyyy',9,'A');
insert into code_masters(master, code, name, sequence, status) values ('date_format','dd/MM yyyy','dd/MM yyyy',10,'I');
insert into code_masters(master, code, name, sequence, status) values ('date_format','dd/MM/yy','dd/MM/yy',11,'I');
insert into code_masters(master, code, name, sequence, status) values ('date_format','d-M-yyyy','d-M-yyyy',12,'A');
insert into code_masters(master, code, name, sequence, status) values ('date_format','dd-MM-yyyy','dd-MM-yyyy',13,'A');
insert into code_masters(master, code, name, sequence, status) values ('date_format','dd-MM-yy','dd-MM-yy',14,'I');
insert into code_masters(master, code, name, sequence, status) values ('date_format','d.M.yyyy','d.M.yyyy',15,'A');
insert into code_masters(master, code, name, sequence, status) values ('date_format','d.MM.yyyy','d.MM.yyyy',16,'I');
insert into code_masters(master, code, name, sequence, status) values ('date_format','dd.MM.yyyy','dd.MM.yyyy',17,'A');
insert into code_masters(master, code, name, sequence, status) values ('date_format','dd.MM.yy','dd.MM.yy',18,'I');
insert into code_masters(master, code, name, sequence, status) values ('date_format','M/d/yyyy','M/d/yyyy',19,'A');
insert into code_masters(master, code, name, sequence, status) values ('date_format','MM/dd/yyyy','MM/dd/yyyy',20,'A');
insert into code_masters(master, code, name, sequence, status) values ('date_format','MM.dd.yyyy','MM.dd.yyyy',21,'A');

/*
alter table user_roles add foreign key (user_id) references users (user_id);
alter table user_roles add foreign key (role_id) references roles (role_id);

alter table modules add foreign key (parent) references modules (module_id);

alter table role_modules add foreign key (role_id) references roles (role_id);
alter table role_modules add foreign key (module_id) references modules (module_id);

drop table modules;
drop table users;
drop table roles;
drop table user_roles;
drop table role_modules;
drop table audit_logs;
*/

create table categories (
  id varchar(40) primary key,
  name varchar(255) not null,
  status char(1) not null,
  path varchar(255),
  resource_key varchar(255),
  icon varchar(255),
  sequence int not null,
  actions int4 null,
  parent varchar(40),
  created_by varchar(40),
  created_at timestamptz,
  updated_by varchar(40),
  updated_at timestamptz
);
/*
about
 + milestones
 + leadership
 + companies
works
services
news
careers
contact
*/
insert into categories (id,name,status,path,resource_key,icon,sequence,actions,parent) values ('about','About','A','/about','about','assignments',1,7,'');
insert into categories (id,name,status,path,resource_key,icon,sequence,actions,parent) values ('works','Works','A','/works','works','assignments',2,7,'');
insert into categories (id,name,status,path,resource_key,icon,sequence,actions,parent) values ('services','Services','A','/services','services','settings',3,7,'');
insert into categories (id,name,status,path,resource_key,icon,sequence,actions,parent) values ('news','News','A','/news','news','assignments',4,7,'');
insert into categories (id,name,status,path,resource_key,icon,sequence,actions,parent) values ('careers','Careers','A','/careers','careers','pie_chart',5,7,'');
insert into categories (id,name,status,path,resource_key,icon,sequence,actions,parent) values ('contact','contact','A','/contact','contact','contacts',6,7,'');

insert into categories (id,name,status,path,resource_key,icon,sequence,actions,parent) values ('milestones','Milestones','A','/milestones','milestones','local_atm',1,7,'about');
insert into categories (id,name,status,path,resource_key,icon,sequence,actions,parent) values ('leadership','Leadership','A','/leadership','leadership','public',2,7,'about');
insert into categories (id,name,status,path,resource_key,icon,sequence,actions,parent) values ('companies','companies','A','/companies','companies','zoom_in',2,7,'about');

create table news (
  id varchar(80) primary key,
  title varchar(255) not null,
  description varchar(1200) not null,
  content varchar(5000),
  published_at timestamptz,
  tags character varying[],
  thumbnail varchar(400),
  high_thumbnail varchar(400),
  status char(1)
);

insert into news (id,title,description,content,published_at,tags,thumbnail,high_thumbnail,status) values
	 ('20240917001','FPT Expands Global Workforce to 80,000 amid Its 36th Anniversary','FPT Corporation recently announced a significant milestone, passing 80,000 employees across 30 countries. The milestone coincides with the company’s 36th anniversary and underscores its remarkable growth and global expansion.','FPT Corporation recently announced a significant milestone, passing 80,000 employees across 30 countries. The milestone coincides with the company’s 36th anniversary and underscores its remarkable growth and global expansion.','2024-09-17 16:46:34.763+07','{}','https://fptsoftware.com/-/media/project/fpt-software/global/80000.png','https://fptsoftware.com/-/media/project/fpt-software/global/80000.png','A'),
	 ('20240722001','FPT to Bolster Growth among Francophone Community, Emphasizing Workforce Development','FPT Corporation recently hosted the FPT Francophone Day, a dynamic networking and culture exchange platform for the French-speaking community in Vietnam. The event also marked the inauguration of FPT Francophone Association, highlighting the IT firm’s commitment to fostering its French-proficient professionals and nurturing opportunities for business and culture exchange.','Global technology corporation FPT recently hosted the FPT Francophone Day, a dynamic networking and culture exchange platform for the French-speaking community in Vietnam. At the event, FPT introduced the FPT Francophone Association, a move to foster its French-proficient professionals and nurture opportunities for business and culture exchange.','2024-07-22 17:06:23.844+07','{}','https://fptsoftware.com/-/media/project/fpt-software/global/common/fptsoftware_building_d/francophone-day-2024_1.webp','https://fptsoftware.com/-/media/project/fpt-software/global/common/fptsoftware_building_d/francophone-day-2024_1.webp','A'),
	 ('20240912001','FPT Software Earns First Hong Kong Business Technology Excellence Award for its Agent Digital Platform in Insurtech','Global leading IT company FPT Software has earned recognition at the Hong Kong Business Technology Excellence Awards in the Software - Insurtech category. This marks the first time the company has received this prestigious award, reinforcing its status as a trusted service provider in the insurance sector.','Global leading IT company FPT Software has earned recognition at the Hong Kong Business Technology Excellence Awards in the Software - Insurtech category for its groundbreaking Agent Digital Platform (ADP). This marks the first time the company has received this prestigious award, reinforcing its status as a trusted service provider in the insurance sector.','2024-09-12 16:48:10.238+07','{}','https://fptsoftware.com/-/media/project/fpt-software/fso/675a1663.webp','https://fptsoftware.com/-/media/project/fpt-software/fso/675a1663.webp','A'),
	 ('20240826001','FPT Opens New Office in Shanghai, China','FPT China recently celebrated the opening of a new office in Shanghai, in response to the growing customer base and increasing demand for digital services and solutions. The tech firm is set to transform the Shanghai office into a leading hub for talent and technology with accelerated AI integration across its services to deliver unmatched innovation to customers worldwide.','Located in one of Shanghai’s most dynamic business districts, this new office allows FPT to further solidify its delivery and consulting capacities for global clients across industries in the Chinese market. The area is also home to several industry giants in the fields of aerospace, automotive, health tech, and artificial intelligence, boasting a well-developed transport infrastructure and supportive business policies for multinational enterprises.','2024-08-26 16:49:52.453+07','{}','https://fptsoftware.com/-/media/project/fpt-software/global/fpt_shanghai.webp','https://fptsoftware.com/-/media/project/fpt-software/global/fpt_shanghai.webp','A'),
	 ('20240823001','Feature Interview: Low-Code Development Platform Adoption and How FPT Software Is Leading the Charge in South Korea','This in-depth interview discusses the rapid adoption of low-code platforms globally, with a focus on key markets such as South Korea.','In today’s complex and competitive business environment, many organizations are adopting low-code as a viable alternative to traditional software development. Gartner predicts that by 2026, the global low-code development platform market is projected to reach an impressive USD 44.5 billion. This exponential growth is fueled by the rising need for digital transformation across industries and the ongoing shortage of skilled developers.','2024-08-23 16:51:46.338+07','{}','https://fptsoftware.com/-/media/project/fpt-software/global/common/fptsoftware_building_d/455863996_3699023507019198_7345037110881035098_n.webp','https://fptsoftware.com/-/media/project/fpt-software/global/common/fptsoftware_building_d/455863996_3699023507019198_7345037110881035098_n.webp','A'),
	 ('20240819001','FPT Software and Meerana Technologies Partner to Drive Digital Transformation in UAE','This partnership aims to expand FPT Software’s footprint in the region and address the market needs across various sectors, including Utilities, BFSI, Logistics, Transportation, and more.','The two firms will collaborate to harness FPT Software’s expertise in Artificial Intelligence, Semiconductors, and other advanced technologies, integrating them into Meerana Technologies’s existing products and solutions. By combining Meerana Technologies'' strong presence in UAE with FPT Software’s diverse service offerings, this partnership aims to expand FPT Software’s footprint in the region and address the market needs across various sectors, including Utilities, BFSI, Logistics, Transportation, and more.','2024-08-19 16:54:56.268+07','{}','https://fptsoftware.com/-/media/project/fpt-software/fso/uplift/fme-1.png','https://fptsoftware.com/-/media/project/fpt-software/fso/uplift/fme-1.png','A'),
	 ('20240930001','FPT Software Wins Job Creation Award at ESGBusiness Awards 2024','This recognition highlights FPT Software''s commitment to nurturing top talent and fostering diverse and inclusive workplaces across the global IT industry.','HANOI, Vietnam - FPT Software recently received the Job Creation Award - Vietnam at the ESGBusiness Awards 2024, marking its debut win in this award. This accolade underscores the company’s steadfast commitment to nurturing top talent across the global IT industry while promoting diverse and inclusive workplaces.

FPT Software currently boasts a global workforce of over 30,000 employees spanning 30 countries, with an annual growth rate of 25% and an industry-low attrition rate of 12%. Last year, the company recorded 12,000 new hires. This steady employment growth significantly supports its parent company, FPT Corporation''s goal of employing one million IT professionals by 2035. 

The firm has also proactively established pathways for Vietnamese employees to gain international experience, with over 3,000 individuals currently working in its overseas branches. Meanwhile, FPT Software has also made significant efforts to attract foreign talent, currently employing more than 3,500 foreign staff from 75 nationalities. Across its global operations, local employees account for an average of 13% of the workforce, notably 85% in Europe, 64% in the Americas, and 30% in Japan, FPT Software’s largest overseas market.

As FPT Software expands its global footprint and enhances its technical capabilities and customer network, it remains committed to creating high-quality jobs and opportunities for employees to engage in complex projects for leading businesses worldwide, particularly in high-demand sectors such as automotive, cloud, AI, and semiconductors. 

The recognition in the ESG Business Awards 2024 is also attributed to FPT Software’s diversity and inclusion. The firm fosters gender equality across international operations, with women making up 39.6% of its workforce and 33% of managerial roles. 

FPT Software’s commitment to workforce development is also reflected by its promotion of continuous learning and extensive growth opportunities for all employees. On average, its employees complete 31.7 hours of professional training annually, benefiting from partnerships with leading platforms such as Mila, Udacity, Coursera, Udemy, British Council, and so on.

Most recently, the company announced a 125 billion VND investment to provide training and career development opportunities to over 3,000 Japanese-speaking ICT professionals. This initiative, launched in collaboration with 15 universities in its first phase and planned for nationwide implementation, underscores FPT Software''s dedication to workforce development, fostering a future-ready workforce while creating employment opportunities that align with the demands of the evolving IT landscape.

Nguyen Tuan Minh, Chief Human Resources Officer of FPT Software, said: “As FPT Software expands globally, cultivating a highly skilled workforce and creating more employment opportunities are crucial to meeting the diverse needs of our clients across various industries. Our top priorities include investing in education, training, and fostering a dynamic workplace environment. FPT Software is dedicated to building a future-ready IT talent pool, contributing to the advancement of this sector not only in Vietnam but also globally.”

The ESGBusiness Awards 2024 honours Asian businesses that demonstrate outstanding commitment and achievement in environmental, social, and governance (ESG) practices. This year, the programme received applicants from over 100 leading companies in Asia. The panel of judges comprises leaders and experts from top consulting firms, including KPMG, PwC, Ernst & Young, and Boston Consulting Group.

Prior to this, FPT Software was recognized with numerous accolades, including Great Place to Work® Certifications across Asia Pacific, Japan, the United States, Vietnam, Germany, and the Philippines. Most recently, the company was awarded the BRONZE STEVIE® for Employer of the Year at the 2024 Stevie® Awards for Great Employers.

About FPT Software
FPT Software, a subsidiary of FPT Corporation, is a global technology and IT services provider headquartered in Vietnam, with $1 billion in revenue (2023) and over 30,000 employees in 30 countries.

The company champions complex business opportunities and challenges with its world-class services in Advanced Analytics, AI, Digital Platforms, Cloud, Hyperautomation, IoT, Low-code, and so on. It has partnered with over 1,100 clients worldwide, nearly 100 of which are Fortune Global 500 companies in Aviation, Automotive, Banking, Financial Services and Insurance, Healthcare, Logistics, Manufacturing, Utilities, and more. For more information, please visit https://fptsoftware.com/ 
','2024-09-30 16:45:00.266+07',NULL,'https://fptsoftware.com/-/media/project/fpt-software/fso/uplift/1.png','https://fptsoftware.com/-/media/project/fpt-software/fso/uplift/1.png','A'),
	 ('20240717001','FPT Software Adopts Green Tuesday Initiative to Accelerate Sustainable Movement','FPT Software officially became a partner of the Green Tuesday Initiative, aiming to cut down food-related footprint on the organizational scale. As the first Vietnamese enterprise to join the program, this move further highlights the IT firm''s steadfast progress and commitment to green transformation and sustainable development.','As part of the initiative, FPT Software targets to cut down on serving meat production in its campus cafeterias across Vietnam with more climate-friendly and plant-based alternatives once a week. To realize this goal, the Green Tuesday program will support participating organizations with training on low carbon footprint and climate-friendly diet, as well as auditing and conducting bi-yearly impact reports. Additionally, both sides will collaborate to raise awareness for FPT Software''s employees through a series of onsite promotional activities.','2024-07-17 17:08:14.069+07','{}','https://fptsoftware.com/-/media/project/fpt-software/fso/green-tuesday-initiative.webp','https://fptsoftware.com/-/media/project/fpt-software/fso/green-tuesday-initiative.webp','A'),
	 ('20240709001','FPT Software and VinCSS Join Hands to Accelerate Cybersecurity in Automotive Industry','FPT Software and VinCSS recently signed a Memorandum of Understanding (MoU) targeting the automotive sector. The partnership enables both companies to enhance their solutions by leveraging each other’s resources, expertise, and network.','FPT Software and VinCSS recently signed a Memorandum of Understanding (MoU) targeting the automotive sector. The collaboration will benefit Original Equipment Manufacturers (OEMs) and Tier 1 suppliers by providing access to a broader range of solutions and services that comply with global industry standards. ','2024-07-09 17:11:14.232+07','{}','https://fptsoftware.com/-/media/project/fpt-software/fso/post_fso-x-vincss.png','https://fptsoftware.com/-/media/project/fpt-software/fso/post_fso-x-vincss.png','A'),
	 ('20240708001','FPT Japan Joins Leading IT Companies in Forming the Vietnamese Association of Digital Transformation in Japan','The Vietnamese Association of Digital Transformation in Japan (VADX Japan) was officially launched in Tokyo, Japan, with FPT Japan serving as the Association''s Chair Company and Do Van Khac, Senior Executive Vice President of FPT Software and CEO of FPT Japan, serving as the company’s representative. This initiative represents FPT Japan’s ongoing commitment to enhancing cooperation and development in digital technology between Vietnam and Japan.','The Association''s launch event was attended by  Ambassador-Designate of the Socialist Republic of Viet Nam to Japan H.E. Pham Quang Hieu, Minister-Counselor Nguyen Duc Minh, representatives from Viet Nam’s Ministry of Science and Technology, Ministry of Planning and Investment, Ministry of Industry and Trade, and Ministry of Education and Training, Chairman of the Founding Council of the Vietnam Software and IT Services Association (VINASA) and Chairman of FPT Corporation Truong Gia Binh, and esteemed leaders of Vietnamese associations here.','2024-07-08 17:14:08.978+07','{}','https://fptsoftware.com/-/media/project/fpt-software/fso/newsroom/newsroom/news080724.webp','https://fptsoftware.com/-/media/project/fpt-software/fso/newsroom/newsroom/news080724.webp','A');
insert into news (id,title,description,"content",published_at,tags,thumbnail,high_thumbnail,status) values
	 ('20240704001','FPT Software Welcomes First Batch of Global Interns to Vietnam for the Global Internship Program 2024','Returning for the second edition, the program has seen a fourfold increase in international student participation compared to last year, with students representing a wider variety of countries','On July 1, 2024, FPT Software welcomed the first cohort of international students to its Global Internship program, designed to provide students with opportunities to accelerate their technology careers through professional experiences at a leading global IT company. Returning for the second edition, the program has seen a fourfold increase in international student participation compared to last year, with students representing a wider variety of countries.','2024-07-04 17:19:23.269+07','{}','https://fptsoftware.com/-/media/project/fpt-software/global/common/fptsoftware_building_d/fpt-global-internship-frame-(8).webp','https://fptsoftware.com/-/media/project/fpt-software/global/common/fptsoftware_building_d/fpt-global-internship-frame-(8).webp','A'),
	 ('20240701001','FPT Software Wins 2nd Runner-Up at SAP Hack2Build Contest','FPT Software Wins 2nd Runner-Up at SAP Hack2Build Contest','FPT Software has achieved the 2nd Runner Up at the SAP Hack2Build contest with its AI-enabled and innovative B2B retail solution, mySalesPro. Notably, FPT Software was the only Vietnam-headquartered company competing alongside top global firms such as EY, Deloitte, IBM, and PWC.','2024-07-01 17:21:19.512+07','{}','https://fptsoftware.com/-/media/project/fpt-software/fso/448926222_763543399021830_4527054500824727171_n.webp','https://fptsoftware.com/-/media/project/fpt-software/fso/448926222_763543399021830_4527054500824727171_n.webp','A'),
	 ('20240605001','Vietnam Tech Revolution Story to Be Featured on Discovery Channel, With FPT in the Spotlight','FPT Corporation (FPT) collaborates with Warner Bros. Discovery in an upcoming documentary titled “Silicon Delta - The Story of Vietnam’s Tech Revolution.” The documentary highlights Vietnam as a leading digital economy of Southeast Asia, with FPT at the forefront of the country’s transformation into a global destination for business and innovation','The film features senior leaders from FPT and its subsidiary, including FPT Chairman Truong Gia Binh, FPT Software Chairwoman Chu Thi Thanh Ha, FPT Software CEO Pham Minh Tuan, FPT Software SEVP Nguyen Khai Hoan, and FPT Software Chief AI Officer Phong Nguyen; as well as other experts. They reflect on the stories of FPT’s establishment in the late 1980s with the goal of surviving poverty and the ambitious dream of bringing Vietnamese intelligence to the global stage. “From the sixties to the eighties, there’s constant hunger. I just need some company to help us survive. That’s why FPT [was founded]”, said FPT Chairman Truong Gia Binh.','2024-06-05 17:23:07.571+07','{}','https://fptsoftware.com/-/media/project/fpt-software/fso/newsroom/news---press-release/dsc00136.webp','https://fptsoftware.com/-/media/project/fpt-software/fso/newsroom/news---press-release/dsc00136.webp','A'),
	 ('20240530001','FPT Issues First-Ever Environmental Policy, Strengthening Sustainable Commitment','This policy provides a detailed plan for implementing specific steps to reduce greenhouse gas (GHG) emissions, aiming at becoming Vietnam''s pioneering company to achieve Net Zero emissions by 2040.','This policy provides a detailed plan for implementing specific steps to reduce greenhouse gas (GHG) emissions, aiming at becoming Vietnam''s pioneering company to achieve Net Zero emissions by 2040.','2024-05-30 17:25:05.967+07','{}','https://fptsoftware.com/-/media/project/fpt-software/fso/newsroom/news---press-release/fpt-issues-first-ever-environmental-policy.webp','https://fptsoftware.com/-/media/project/fpt-software/fso/newsroom/news---press-release/fpt-issues-first-ever-environmental-policy.webp','A');

create table jobs (
  id character varying(40) not null primary key,
  title character varying(300),
  description character varying(2000),
  published_at timestamptz,
  expired_at timestamptz,
  location character varying(1000),
  quantity integer default 1,
  applicant_count integer default 1,
  requirements character varying(2000),
  benefit character varying(1000),
  skills character varying[],
  company_id character varying(40)
);

insert into jobs(id, title, description, published_at, expired_at, location, quantity, applicant_count, requirements, benefit, company_id)  values ('senior-backend-developer', 'Senior Backend Developer (Java, Kotlin, MySQL)', '• Analyze and organize raw data
• Build data systems and pipelines
• Prepare data for prescriptive and predictive modeling
• Combine raw information from different sources
• Explore ways to enhance data quality and reliability
• Identify opportunities for data acquisition
• Data pipeline maintenance/testing.', '2023-05-24 17:00:00+00', '2023-05-29 17:00:00+00', 'Hanoi', 1, 1, 'asdsadasd', 'Analyze and organize raw data

Build data systems and pipelines

Prepare data for prescriptive and predictive modeling

Combine raw information from different sources
Explore ways to enhance data quality and reliability
Identify opportunities for data acquisition
Data pipeline maintenance/testing.', 'mb-bank');
insert into jobs(id, title, description, published_at, expired_at, location, quantity, applicant_count, requirements, benefit, company_id) values ('business-analyst-jp', 'Business Analyst (Japanese)', 'Previous experience as a data engineer or in a similar role

Technical expertise with data models, data mining, and segmentation techniques

Knowledge of programming languages (e.g. Java and Python)
Experience with data architecture and data modeling
Hands-on experience with SQL database design
Great numerical and analytical skills

Degree in Computer Science, IT, or similar field; a Masters is a plus

Data engineering certification (e.g IBM Certified Data Engineer) is a plus
', '2023-05-24 17:00:00+00', '2023-05-30 17:00:00+00', 'Danang', 1, 2, '<ul style="padding: 0px 0px 0px 2rem; margin-right: 0px; margin-bottom: 1rem; margin-left: 0px; color: rgb(58, 58, 58); font-family: Roboto, sans-serif; font-size: 16px; letter-spacing: normal;"><li>Previous experience as a data engineer or in a similar role</li><li>Technical expertise with data models, data mining, and segmentation techniques</li><li>Knowledge of programming languages (e.g. Java and Python)</li><li>Experience with data architecture and data modeling</li><li>Hands-on experience with SQL database design</li><li>Great numerical and analytical skills</li><li>Degree in Computer Science, IT, or similar field; a Masters is a plus</li><li>Data engineering certification (e.g IBM Certified Data Engineer) is a plus</li></ul>', '• • • Previous experience as a data engineer or in a similar role
• • • Technical expertise with data models, data mining, and segmentation techniques
• • • Knowledge of programming languages (e.g. Java and Python)
• • • Experience with data architecture and data modeling', 'mb-bank');
insert into jobs(id, title, description, published_at, expired_at, location, quantity, applicant_count, requirements, benefit, company_id) values ('senior-devops-engineer', 'Senior DevOps Engineer - Salary Up to $2800', '1. Collaborate with Front-End Developers to integrate user-facing elements with server-side logic and other applications APIs;
2. Maintain and improve running-functionality as well as design and develop new system, new feature; d
3. Develop and maintain Back-End Code that improves analytical and statistical modeling and forecasting methods to support business tribes in their decision-making process;
4. Create data structures from scratch;
5. Actively test and debug code defect;
6. Research to learn technology and knowledge needed to develop products for the global market.', '2023-05-24 17:00:00+00', '2023-05-30 17:00:00+00', 'Cantho', 1, 1, '1. Analyze and organize raw data
2. Build data systems and pipelines
3. Prepare data for prescriptive and predictive modeling
4. Combine raw information from different sources
5. Explore ways to enhance data quality and reliability
6. Identify opportunities for data acquisition
7. Data pipeline maintenance/testing.', '1. Analyze and organize raw data
2. Build data systems and pipelines
3. Prepare data for prescriptive and predictive modeling
4. Combine raw information from different sources
5. Explore ways to enhance data quality and reliability
6. Identify opportunities for data acquisition
7. Data pipeline maintenance/testing.
8. ', 'mb-bank');

create table companies (
  id character varying(40) not null primary key,
  name character varying(300),
  description character varying(2000),
  slogan character varying(300),
  image_url varchar(500),
  cover_url varchar(500),
  sequence integer
);
insert into companies (id,name,description,slogan,image_url,cover_url,sequence) values
	 ('fpt-automotive','FPT Automotive','With two decades of experience in the Automotive industry, FPT Software''s automotive technology subsidiary, FPT Automotive was launched in 2023 with a mission to drive the advancement of software-defined vehicles and shape the new mobility era.

Our team of automotive experts is equipped and experienced to accompany car manufacturers and suppliers in advancing the mobility ecosystem, having enabled the world''s leading automakers, OEMs, Tier-1 suppliers, and semiconductor companies to innovate, optimize and maintain a competitive edge in the automotive industry. This support is crucial for navigating challenges such as industry volatility, disrupted supply chains, and rapidly evolving market demands.','Moving into the fast lane of smart, software-defined mobility.','https://fptsoftware.com/-/media/project/fpt-software/fso/industries/automotive/automotive-lp_banner-3_mobile.png','https://fptsoftware.com/-/media/project/fpt-software/fso/industries/automotive/automotive-lp_banner-3.png',1);

create table if not exists contacts (
  id varchar(40) primary key,
  name varchar(120),
  country varchar(120),
  company varchar(120),
  job_title varchar(120),
  email varchar(120),
  phone varchar(45),
  message varchar(1000),
  submitted_at timestamptz,
  contacted_by varchar(120),
  contacted_at timestamptz
);

insert into contacts (id,"name",country,company,job_title,email,phone,message,submitted_at) values
  ('E7UBXeHrp','Duc Nguyen','Vietnam','TMA','Manager','duc.n@tma.com.vn','93 334-7686','I want to hire 8 developers','2024-10-20 18:59:47.820962+07'),
  ('xRjjveHrM','Hieu Vo','Vietnam','TMA','Developer','hieu.v@tma.com.vn','123 456-78','I want to hire 6 developers','2024-10-20 19:01:04.940217+07'),
  ('bPyY39I842','Minh Ha','Vietnam','OhStem','Product Owner','minh.h@ohstem.vn','0987654321','I need 4 developers',NULL),
  ('mkiJ5_vXKo','Triet Nguyen','Vietnam','KMS','Test Enginner','triet.n@kms.com.vn','0987654321','I need 6 testers',NULL),
  ('yoobcu9kvR','Trinh Minh Chieu','Vietnam','Shinhan','Manager','chieu.t@shinhan.com.vn','0987654321','I need 7 developers',NULL),
  ('V5Ua8be1Wg','Quy Nguyen','New Zealand','TMA','Project Manager','quy.n@tma.com.vn','0987654321','I need 10 developers',NULL),
  ('PxnNIy6LVf','Hiep Nguyen','Vietnam','KBTGVN','Software engineer','hiep.n@kbtgvn.tech','0987654321','I need 5 developers',NULL),
  ('6EnNY-kISB','Nguyen Viet Anh','Vietnam','KBTGVN','Android Developer','anh.n@kbtgvn.tech','0987654321','I need 5 developers',NULL),
  ('l74fvAHrp','Phu Huynh','Vietnam','FPT','Developer','phu.h@tma.com.vn','876 543-21','I want to hire 5 developers','2024-10-20 19:02:12.209824+07'),
  ('XTotvATrp','Tan Truong','Vietnam','FPT','Senior Developer','tan.t@fpt.com.vn','876 543-21','I want to hire 4 developers','2024-10-20 19:02:39.317878+07'),
  ('SrmtXAH9p','Bao Nguyen','Vietnam','Cho Tot','Senior Developer','bao.n@chotot.com.vn','876 543-21','I want to hire 4 developers','2024-10-20 19:03:10.218696+07'),
  ('hS1KKeH9M','Tin Hoang','Vietnam','TMA','Senior Developer','tin.h@tma.com.vn','876 543-21','I want to hire 4 developers','2024-10-20 19:29:21.103008+07'),
  ('0T44GbLvtH','Nguyen Viet Anh','Vietnam','KBTGVN','Android Developer','anh.n@kbtgvn.tech','0987654321','I need 5 developers','2024-11-24 18:08:30.814+07'),
  ('OnaE1s9i95','Nguyen Huu Vinh','Vietnam','TMA','Developer','vinh.n@tma.com.vn','0987654321','I need 4 developers','2024-11-24 19:31:03.055+07'),
  ('hPcqMTlCA6','Tuan Nguyen','Vietnam','TMA','Developer','tuan.n@tma.com.vn','0987654321','I need 2 developers','2024-11-24 19:36:32.057+07');
