create table code_masters (
  master varchar(100) not null,
  code varchar(100) not null,
  name varchar(100),
  sequence int8,
  status char(1),
  primary key (master, code)
);
create table modules (
  module_id varchar(40) primary key,
  module_name varchar(255) not null,
  status char(1) not null,
  path varchar(255),
  resource_key varchar(255),
  icon varchar(255),
  sequence int not null,
  actions int4 null,
  parent varchar(40),
  created_by varchar(40),
  created_at timestamptz,
  updated_by varchar(40),
  updated_at timestamptz
);

create table users (
  user_id varchar(40) primary key,
  username varchar(255) not null,
  email varchar(255) not null,
  display_name varchar(255),
  status char(1) not null,
  gender char(1),
  phone varchar(20),
  title varchar(10),
  position varchar(40),
  image_url varchar(500),
  language varchar(5),
  dateformat varchar(12),
  max_password_age integer,
  created_by varchar(40),
  created_at timestamptz,
  updated_by varchar(40),
  updated_at timestamptz
);
create table passwords (
  user_id varchar(40) primary key,
  password varchar(255),
  success_time timestamptz,
  fail_time timestamptz,
  fail_count integer,
  locked_until_time timestamptz,
  changed_time timestamptz,
  history character varying[]
);
create table passcodes (
  id varchar(40) primary key,
  code varchar(500) not null,
  expired_at timestamptz not null
);
create table roles (
  role_id varchar(40) primary key,
  role_name varchar(255) not null,
  status char(1) not null,
  remark varchar(255),
  created_by varchar(40),
  created_at timestamptz,
  updated_by varchar(40),
  updated_at timestamptz
);
create table user_roles (
  user_id varchar(40) not null,
  role_id varchar(40) not null,
  primary key (user_id, role_id)
);
create table role_modules (
  role_id varchar(40) not null,
  module_id varchar(40) not null,
  permissions int not null,
  primary key (role_id, module_id)
);

create table audit_logs (
  id varchar(255) primary key,
  resource varchar(255),
  user_id varchar(255),
  ip varchar(255),
  action varchar(255),
  time timestamptz,
  status varchar(255),
  remark varchar(255)
);

create table histories (
  history_id varchar(40) primary key,
  entity varchar(40) not null,
  id varchar(40) not null,
  author varchar(40) not null,
  time timestamptz not null,
  action char(1),
  data jsonb
);

create table notifications (
  id varchar(40) primary key,
  sender varchar(40) not null,
  receiver varchar(40) not null,
  message varchar(1000) not null,
  url varchar(200),
  time timestamptz not null,
  status char(1)
);

/*
alter table user_roles add foreign key (user_id) references users (user_id);
alter table user_roles add foreign key (role_id) references roles (role_id);

alter table modules add foreign key (parent) references modules (module_id);

alter table role_modules add foreign key (role_id) references roles (role_id);
alter table role_modules add foreign key (module_id) references modules (module_id);

drop table modules;
drop table users;
drop table roles;
drop table user_roles;
drop table role_modules;
drop table audit_logs;
*/

create table categories (
  id varchar(40) primary key,
  name varchar(255) not null,
  status char(1) not null,
  path varchar(255),
  resource_key varchar(255),
  icon varchar(255),
  sequence int not null,
  type varchar(40),
  parent varchar(40),
  created_by varchar(40),
  created_at timestamptz,
  updated_by varchar(40),
  updated_at timestamptz,
  version integer
);
/*
home
services
news => dynamic
careers => dynamic
contact => dynamic
about
 + milestones
 + companies
 + leadership
*/

insert into categories (id,name,status,path,resource_key,icon,sequence,type,parent) values ('home','Home','A','/','home','home',1,'content','');
insert into categories (id,name,status,path,resource_key,icon,sequence,type,parent) values ('services','Services','A','/services','services','settings',2,'content','');
insert into categories (id,name,status,path,resource_key,icon,sequence,type,parent) values ('news','News','A','/news','news','credit_card',3,'','');
insert into categories (id,name,status,path,resource_key,icon,sequence,type,parent) values ('careers','Careers','A','/careers','careers','work',4,'','');
insert into categories (id,name,status,path,resource_key,icon,sequence,type,parent) values ('contact','Contact','A','/contact','contact','mail',5,'','');
insert into categories (id,name,status,path,resource_key,icon,sequence,type,parent) values ('about','About','A','/about','about','assignment',6,'','');

insert into categories (id,name,status,path,resource_key,icon,sequence,type,parent) values ('milestones','Milestones','A','/milestones','milestones','public',1,'content','about');
insert into categories (id,name,status,path,resource_key,icon,sequence,type,parent) values ('companies','Companies','A','/companies','companies','account_balance',2,'content','about');
insert into categories (id,name,status,path,resource_key,icon,sequence,type,parent) values ('leadership','Leadership','A','/leadership','leadership','person',3,'content','about');

update categories set version = 1;

insert into code_masters(master, code, name, sequence, status) values ('language','en','English',1,'A');
insert into code_masters(master, code, name, sequence, status) values ('language','vi','Tiếng Việt',2,'A');
insert into code_masters(master, code, name, sequence, status) values ('date_format','yyyy/M/d','yyyy/M/d',1,'A');
insert into code_masters(master, code, name, sequence, status) values ('date_format','yyyy/MM/dd','yyyy/MM/dd',2,'A');
insert into code_masters(master, code, name, sequence, status) values ('date_format','yyyy-M-d','yyyy-M-d',3,'A');
insert into code_masters(master, code, name, sequence, status) values ('date_format','yyyy-MM-dd','yyyy-MM-dd',4,'A');
insert into code_masters(master, code, name, sequence, status) values ('date_format','yyyy.MM.dd','yyyy.MM.dd',5,'A');
insert into code_masters(master, code, name, sequence, status) values ('date_format','yy.MM.dd','yy.MM.dd',6,'I');
insert into code_masters(master, code, name, sequence, status) values ('date_format','d/M/yyyy','d/M/yyyy',7,'A');
insert into code_masters(master, code, name, sequence, status) values ('date_format','d/MM/yyyy','d/MM/yyyy',8,'I');
insert into code_masters(master, code, name, sequence, status) values ('date_format','dd/MM/yyyy','dd/MM/yyyy',9,'A');
insert into code_masters(master, code, name, sequence, status) values ('date_format','dd/MM yyyy','dd/MM yyyy',10,'I');
insert into code_masters(master, code, name, sequence, status) values ('date_format','dd/MM/yy','dd/MM/yy',11,'I');
insert into code_masters(master, code, name, sequence, status) values ('date_format','d-M-yyyy','d-M-yyyy',12,'A');
insert into code_masters(master, code, name, sequence, status) values ('date_format','dd-MM-yyyy','dd-MM-yyyy',13,'A');
insert into code_masters(master, code, name, sequence, status) values ('date_format','dd-MM-yy','dd-MM-yy',14,'I');
insert into code_masters(master, code, name, sequence, status) values ('date_format','d.M.yyyy','d.M.yyyy',15,'A');
insert into code_masters(master, code, name, sequence, status) values ('date_format','d.MM.yyyy','d.MM.yyyy',16,'I');
insert into code_masters(master, code, name, sequence, status) values ('date_format','dd.MM.yyyy','dd.MM.yyyy',17,'A');
insert into code_masters(master, code, name, sequence, status) values ('date_format','dd.MM.yy','dd.MM.yy',18,'I');
insert into code_masters(master, code, name, sequence, status) values ('date_format','M/d/yyyy','M/d/yyyy',19,'A');
insert into code_masters(master, code, name, sequence, status) values ('date_format','MM/dd/yyyy','MM/dd/yyyy',20,'A');
insert into code_masters(master, code, name, sequence, status) values ('date_format','MM.dd.yyyy','MM.dd.yyyy',21,'A');

insert into modules (module_id,module_name,status,path,resource_key,icon,sequence,actions,parent) values ('admin','Admin','A','/admin','admin','contacts',2,7,'');
insert into modules (module_id,module_name,status,path,resource_key,icon,sequence,actions,parent) values ('setup','Setup','A','/setup','setup','settings',3,7,'');
insert into modules (module_id,module_name,status,path,resource_key,icon,sequence,actions,parent) values ('report','Report','A','/report','report','pie_chart',4,7,'');

insert into modules (module_id,module_name,status,path,resource_key,icon,sequence,actions,parent) values ('user','User Management','A','/users','user','person',1,7,'admin');
insert into modules (module_id,module_name,status,path,resource_key,icon,sequence,actions,parent) values ('role','Role Management','A','/roles','role','credit_card',2,7,'admin');
insert into modules (module_id,module_name,status,path,resource_key,icon,sequence,actions,parent) values ('audit_log','Audit Log','A','/audit-logs','audit_log','zoom_in',4,1,'admin');

insert into modules (module_id,module_name,status,path,resource_key,icon,sequence,actions,parent) values ('category','Category','A','/categories','category','menu',1,15,'setup');
insert into modules (module_id,module_name,status,path,resource_key,icon,sequence,actions,parent) values ('content','Content','A','/contents','content','public',2,7,'setup');
insert into modules (module_id,module_name,status,path,resource_key,icon,sequence,actions,parent) values ('article','Article','A','/articles','article','public',3,15,'setup');
insert into modules (module_id,module_name,status,path,resource_key,icon,sequence,actions,parent) values ('job','Job','A','/jobs','jobs','local_atm',4,15,'setup');
insert into modules (module_id,module_name,status,path,resource_key,icon,sequence,actions,parent) values ('contact','Contact','A','/contacts','contact','public',5,7,'setup');

insert into roles (role_id, role_name, status, remark) values ('admin','Admin','A','Admin');
insert into roles (role_id, role_name, status, remark) values ('call_center','Call Center','A','Call Center');
insert into roles (role_id, role_name, status, remark) values ('it_support','IT Support','A','IT Support');
insert into roles (role_id, role_name, status, remark) values ('operator','Operator Group','A','Operator Group');
insert into roles (role_id, role_name, status, remark) values ('content_writer','Content Writer','A','Content Writer');
insert into roles (role_id, role_name, status, remark) values ('content_approver','Content Approver','A','Content Approver');

insert into role_modules(role_id, module_id, permissions) values ('admin', 'setup', 7);
insert into role_modules(role_id, module_id, permissions) values ('admin', 'report', 7);
insert into role_modules(role_id, module_id, permissions) values ('admin', 'admin', 7);
insert into role_modules(role_id, module_id, permissions) values ('admin', 'user', 7);
insert into role_modules(role_id, module_id, permissions) values ('admin', 'role', 7);
insert into role_modules(role_id, module_id, permissions) values ('admin', 'audit_log', 1);

insert into role_modules(role_id, module_id, permissions) values ('it_support', 'admin', 7);
insert into role_modules(role_id, module_id, permissions) values ('it_support', 'user', 7);
insert into role_modules(role_id, module_id, permissions) values ('it_support', 'role', 7);
insert into role_modules(role_id, module_id, permissions) values ('it_support', 'audit_log', 1);
insert into role_modules(role_id, module_id, permissions) values ('it_support', 'setup', 7);
insert into role_modules(role_id, module_id, permissions) values ('it_support', 'category', 7);
insert into role_modules(role_id, module_id, permissions) values ('it_support', 'content', 7);
insert into role_modules(role_id, module_id, permissions) values ('it_support', 'article', 7);
insert into role_modules(role_id, module_id, permissions) values ('it_support', 'job', 7);
insert into role_modules(role_id, module_id, permissions) values ('it_support', 'contact', 7);

insert into role_modules(role_id, module_id, permissions) values ('call_center', 'admin', 1);
insert into role_modules(role_id, module_id, permissions) values ('call_center', 'audit_log', 1);

insert into role_modules(role_id, module_id, permissions) values ('content_writer', 'setup', 7);
insert into role_modules(role_id, module_id, permissions) values ('content_writer', 'article', 7);
insert into role_modules(role_id, module_id, permissions) values ('content_approver', 'setup', 7);
insert into role_modules(role_id, module_id, permissions) values ('content_approver', 'article', 9);


create table companies (
  id character varying(40) not null primary key,
  name character varying(300),
  description character varying(2000),
  slogan character varying(300),
  image_url varchar(500),
  cover_url varchar(500),
  sequence integer
);
insert into companies (id,name,description,slogan,image_url,cover_url,sequence) values
	 ('fpt-automotive','FPT Automotive','With two decades of experience in the Automotive industry, FPT Software''s automotive technology subsidiary, FPT Automotive was launched in 2023 with a mission to drive the advancement of software-defined vehicles and shape the new mobility era.

Our team of automotive experts is equipped and experienced to accompany car manufacturers and suppliers in advancing the mobility ecosystem, having enabled the world''s leading automakers, OEMs, Tier-1 suppliers, and semiconductor companies to innovate, optimize and maintain a competitive edge in the automotive industry. This support is crucial for navigating challenges such as industry volatility, disrupted supply chains, and rapidly evolving market demands.','Moving into the fast lane of smart, software-defined mobility.','https://fptsoftware.com/-/media/project/fpt-software/fso/industries/automotive/automotive-lp_banner-3_mobile.png','https://fptsoftware.com/-/media/project/fpt-software/fso/industries/automotive/automotive-lp_banner-3.png',1);

create table if not exists contacts (
  id varchar(40) primary key,
  name varchar(120),
  country varchar(120),
  company varchar(120),
  job_title varchar(120),
  email varchar(120),
  phone varchar(45),
  message varchar(1000),
  submitted_at timestamptz,
  contacted_by varchar(120),
  contacted_at timestamptz
);

insert into contacts (id,"name",country,company,job_title,email,phone,message,submitted_at) values
  ('E7UBXeHrp','Duc Nguyen','Vietnam','TMA','Manager','duc.n@tma.com.vn','0987654321','I want to hire 8 developers','2024-10-20 18:59:47.820962+07'),
  ('xRjjveHrM','Hieu Vo','Vietnam','TMA','Developer','hieu.v@tma.com.vn','0987654321','I want to hire 6 developers','2024-10-20 19:01:04.940217+07'),
  ('bPyY39I842','Minh Ha','Vietnam','OhStem','Product Owner','minh.h@ohstem.vn','0987654321','I need 4 developers',NULL),
  ('mkiJ5_vXKo','Triet Nguyen','Vietnam','KMS','Test Enginner','triet.n@kms.com.vn','0987654321','I need 6 testers',NULL),
  ('yoobcu9kvR','Trinh Minh Chieu','Vietnam','Shinhan','Manager','chieu.t@shinhan.com.vn','0987654321','I need 7 developers',NULL),
  ('V5Ua8be1Wg','Quy Nguyen','New Zealand','TMA','Project Manager','quy.n@tma.com.vn','0987654321','I need 10 developers',NULL),
  ('PxnNIy6LVf','Hiep Nguyen','Vietnam','KBTGVN','Software engineer','hiep.n@kbtgvn.tech','0987654321','I need 5 developers',NULL),
  ('6EnNY-kISB','Nguyen Viet Anh','Vietnam','KBTGVN','Android Developer','anh.n@kbtgvn.tech','0987654321','I need 5 developers',NULL),
  ('l74fvAHrp','Phu Huynh','Vietnam','FPT','Developer','phu.h@tma.com.vn','0987654321','I want to hire 5 developers','2024-10-20 19:02:12.209824+07'),
  ('XTotvATrp','Tan Truong','Vietnam','FPT','Senior Developer','tan.t@fpt.com.vn','0987654321','I want to hire 4 developers','2024-10-20 19:02:39.317878+07'),
  ('SrmtXAH9p','Bao Nguyen','Vietnam','Cho Tot','Senior Developer','bao.n@chotot.com.vn','0987654321','I want to hire 4 developers','2024-10-20 19:03:10.218696+07'),
  ('hS1KKeH9M','Tin Hoang','Vietnam','TMA','Senior Developer','tin.h@tma.com.vn','0987654321','I want to hire 4 developers','2024-10-20 19:29:21.103008+07'),
  ('0T44GbLvtH','Nguyen Viet Anh','Vietnam','KBTGVN','Android Developer','anh.n@kbtgvn.tech','0987654321','I need 5 developers','2024-11-24 18:08:30.814+07'),
  ('OnaE1s9i95','Nguyen Huu Vinh','Vietnam','TMA','Developer','vinh.n@tma.com.vn','0987654321','I need 4 developers','2024-11-24 19:31:03.055+07'),
  ('hPcqMTlCA6','Tuan Nguyen','Vietnam','TMA','Developer','tuan.n@tma.com.vn','0987654321','I need 2 developers','2024-11-24 19:36:32.057+07');


insert into users (user_id,username,email,display_name,image_url,status,gender,phone,title,position) values ('aft2KNdQhi','gareth.bale','gareth.bale@gmail.com','Gareth Bale','https://upload.wikimedia.org/wikipedia/commons/thumb/1/1e/2022_FIFA_World_Cup_United_States_1%E2%80%931_Wales_-_%2832%29_%28cropped%29.jpg/250px-2022_FIFA_World_Cup_United_States_1%E2%80%931_Wales_-_%2832%29_%28cropped%29.jpg','A','M','0987654321','Mr','M');
insert into users (user_id,username,email,display_name,image_url,status,gender,phone,title,position) values ('al6TZ0p4iE','cristiano.ronaldo','cristiano.ronaldo@gmail.com','Cristiano Ronaldo','https://upload.wikimedia.org/wikipedia/commons/thumb/8/8c/Cristiano_Ronaldo_2018.jpg/400px-Cristiano_Ronaldo_2018.jpg','I','M','0987654321','Mr','E');
insert into users (user_id,username,email,display_name,image_url,status,gender,phone,title,position) values ('bkbH1PHu9O','james.rodriguez','james.rodriguez@gmail.com','James Rodríguez','https://upload.wikimedia.org/wikipedia/commons/thumb/7/79/James_Rodriguez_2018.jpg/250px-James_Rodriguez_2018.jpg','A','M','0987654321','Mr','E');
insert into users (user_id,username,email,display_name,image_url,status,gender,phone,title,position) values ('bL7sQBeO5m','zinedine.zidane','zinedine.zidane@gmail.com','Zinedine Zidane','https://upload.wikimedia.org/wikipedia/commons/f/f3/Zinedine_Zidane_by_Tasnim_03.jpg','A','M','0987654321','Mr','E');
insert into users (user_id,username,email,display_name,image_url,status,gender,phone,title,position) values ('bphT4IllDy','kaka','kaka@gmail.com','Kaká','https://upload.wikimedia.org/wikipedia/commons/thumb/6/6d/Kak%C3%A1_visited_Stadium_St._Petersburg.jpg/500px-Kak%C3%A1_visited_Stadium_St._Petersburg.jpg','A','M','0987654321','Mr','E');
insert into users (user_id,username,email,display_name,image_url,status,gender,phone,title,position) values ('cHGwWRCdPx','luis.figo','luis.figo@gmail.com','Luís Figo','https://upload.wikimedia.org/wikipedia/commons/f/fe/Luis_Figo-2009.jpg','A','M','0987654321','Mr','E');
insert into users (user_id,username,email,display_name,image_url,status,gender,phone,title,position) values ('cKAvrWUwa1','paul.pogba','paul.pogba@gmail.com','Paul Pogba','https://upload.wikimedia.org/wikipedia/commons/b/be/Harry_Maguire_2018-07-11_1.jpg','I','M','0987654321','Mr','E');
insert into users (user_id,username,email,display_name,image_url,status,gender,phone,title,position) values ('cSojoy4GUs','ronaldo','ronaldo@gmail.com','Ronaldo','https://upload.wikimedia.org/wikipedia/commons/c/c8/Real_Valladolid-Valencia_CF%2C_2019-05-18_%2890%29_%28cropped%29.jpg','I','M','0987654321','Mr','E');
insert into users (user_id,username,email,display_name,image_url,status,gender,phone,title,position) values ('dXlkg4NA9J','luka.modric','luka.modric@gmail.com','Luka Modrić','https://upload.wikimedia.org/wikipedia/commons/thumb/1/1b/Ofrenda_de_la_Liga_y_la_Champions-57-L.Mill%C3%A1n_%2852109310843%29_%28Luka_Modri%C4%87%29.jpg/250px-Ofrenda_de_la_Liga_y_la_Champions-57-L.Mill%C3%A1n_%2852109310843%29_%28Luka_Modri%C4%87%29.jpg','A','M','0987654321','Mr','E');
insert into users (user_id,username,email,display_name,image_url,status,gender,phone,title,position) values ('emAmlZff9p','xabi.alonso','xabi.alonso@gmail.com','Xabi Alonso','https://upload.wikimedia.org/wikipedia/commons/thumb/6/66/Xabi_Alonso_Euro_2012_vs_France_02.jpg/250px-Xabi_Alonso_Euro_2012_vs_France_02.jpg','A','M','0987654321','Mr','E');
insert into users (user_id,username,email,display_name,image_url,status,gender,phone,title,position) values ('ePXNMefKJx','karim.benzema','karim.benzema@gmail.com','Karim Benzema','https://upload.wikimedia.org/wikipedia/commons/thumb/5/5f/Karim_Benzema_Pick.jpg/960px-Karim_Benzema_Pick.jpg','A','M','0987654321','Mr','E');
insert into users (user_id,username,email,display_name,image_url,status,gender,phone,title,position) values ('ftMd80w4x2','sergino.dest','sergino.dest@gmail.com','Sergiño Dest','https://upload.wikimedia.org/wikipedia/commons/thumb/6/6e/Sergino_Dest.jpg/440px-Sergino_Dest.jpg','I','M','0987654321','Mr','E');
insert into users (user_id,username,email,display_name,image_url,status,gender,phone,title,position) values ('gHZY91SouH','gerard.pique','gerard.pique@gmail.com','Gerard Piqué','https://upload.wikimedia.org/wikipedia/commons/4/4e/Gerard_Piqu%C3%A9_2018.jpg','A','M','0987654321','Mr','M');
insert into users (user_id,username,email,display_name,image_url,status,gender,phone,title,position) values ('gLEDc8dQIp','thibaut.courtois','thibaut.courtois@gmail.com','Thibaut Courtois','https://upload.wikimedia.org/wikipedia/commons/thumb/c/c4/Courtois_2018_%28cropped%29.jpg/440px-Courtois_2018_%28cropped%29.jpg','I','M','0987654321','Mr','E');
insert into users (user_id,username,email,display_name,image_url,status,gender,phone,title,position) values ('gPrLYi4xOy','ronald.araujo','ronald.araujo@gmail.com','Ronald Araújo','https://pbs.twimg.com/media/EtnqxaEU0AAc6A6.jpg','A','M','0987654321','Mr','M');
insert into users (user_id,username,email,display_name,image_url,status,gender,phone,title,position) values ('gv99fpMeFy','harry.maguire','harry.maguire@gmail.com','Harry Maguire','https://upload.wikimedia.org/wikipedia/commons/b/be/Harry_Maguire_2018-07-11_1.jpg','A','M','0987654321','Mr','E');
insert into users (user_id,username,email,display_name,image_url,status,gender,phone,title,position) values ('hDx6jGifRZ','sergio.busquets','sergio.busquets@gmail.com','Sergio Busquets','https://upload.wikimedia.org/wikipedia/commons/thumb/4/40/Sergio_Busquets_NYCFC_Miami_24_Sep_2025-020_%28cropped%29.jpg/250px-Sergio_Busquets_NYCFC_Miami_24_Sep_2025-020_%28cropped%29.jpg','A','M','0987654321','Mr','E');
insert into users (user_id,username,email,display_name,image_url,status,gender,phone,title,position) values ('i4GSsUQvZa','antoine.griezmann','antoine.griezmann@gmail.com','Antoine Griezmann','https://upload.wikimedia.org/wikipedia/commons/thumb/6/6e/FRA-ARG_%2810%29_%28cropped%29.jpg/250px-FRA-ARG_%2810%29_%28cropped%29.jpg','A','M','0987654321','Mr','E');
insert into users (user_id,username,email,display_name,image_url,status,gender,phone,title,position) values ('i5gkziUCaz','marc-andre.ter.stegen','marc-andre.ter.stegen@gmail.com','Marc-André ter Stegen','https://upload.wikimedia.org/wikipedia/commons/thumb/e/e1/Marc-Andr%C3%A9_ter_Stegen.jpg/500px-Marc-Andr%C3%A9_ter_Stegen.jpg','I','M','0987654321','Mr','E');
insert into users (user_id,username,email,display_name,image_url,status,gender,phone,title,position) values ('jYz18HzzZk','miralem.pjanic','miralem.pjanic@gmail.com','Miralem Pjanić','https://upload.wikimedia.org/wikipedia/commons/thumb/e/e5/20150331_2108_AUT_BIH_2382_%28edited%29.jpg/250px-20150331_2108_AUT_BIH_2382_%28edited%29.jpg','A','M','0987654321','Mrs','M');
insert into users (user_id,username,email,display_name,image_url,status,gender,phone,title,position) values ('k0Zjb3fVJC','martin.braithwaite','martin.braithwaite@gmail.com','Martin Braithwaite','https://img.a.transfermarkt.technology/portrait/header/95732-1583334177.jpg','A','M','0987654321','Mr','E');
insert into users (user_id,username,email,display_name,image_url,status,gender,phone,title,position) values ('kcUrdo9w3H','ousmane.dembele','ousmane.dembele@gmail.com','Ousmane Dembélé','https://upload.wikimedia.org/wikipedia/commons/7/77/Ousmane_Demb%C3%A9l%C3%A9_2018.jpg','A','M','0987654321','Ms','E');
insert into users (user_id,username,email,display_name,image_url,status,gender,phone,title,position) values ('mooFuhbZg2','riqui.puig','riqui.puig@gmail.com','Riqui Puig','https://upload.wikimedia.org/wikipedia/commons/thumb/0/0b/Riqui_Puig_against_Portland_Timbers_%28cropped2%29.jpg/250px-Riqui_Puig_against_Portland_Timbers_%28cropped2%29.jpg','A','M','0987654321','Ms','E');
insert into users (user_id,username,email,display_name,image_url,status,gender,phone,title,position) values ('mswJ9jzUwN','philip.coutinho','philip.coutinho@gmail.com','Philip Coutinho','https://upload.wikimedia.org/wikipedia/commons/thumb/6/66/20180610_FIFA_Friendly_Match_Austria_vs._Brazil_Philippe_Coutinho_850_1692.jpg/250px-20180610_FIFA_Friendly_Match_Austria_vs._Brazil_Philippe_Coutinho_850_1692.jpg','A','M','0987654321','Mr','E');
insert into users (user_id,username,email,display_name,image_url,status,gender,phone,title,position) values ('nOf40L4Qxy','victor.lindelof','victor.lindelof@gmail.com','Victor Lindelöf','https://upload.wikimedia.org/wikipedia/commons/thumb/c/cc/CSKA-MU_2017_%286%29.jpg/440px-CSKA-MU_2017_%286%29.jpg','I','M','0987654321','Mr','E');
insert into users (user_id,username,email,display_name,image_url,status,gender,phone,title,position) values ('oaoe13uUnW','eric.bailly','eric.bailly@gmail.com','Eric Bailly','https://upload.wikimedia.org/wikipedia/commons/c/cf/Eric_Bailly_-_ManUtd.jpg','I','M','0987654321','Mr','E');
insert into users (user_id,username,email,display_name,image_url,status,gender,phone,title,position) values ('omT4HgQtVz','phil.jones','phil.jones@gmail.com','Phil Jones','https://upload.wikimedia.org/wikipedia/commons/f/fa/Phil_Jones_2018-06-28_1.jpg','I','M','0987654321','Mr','E');
insert into users (user_id,username,email,display_name,image_url,status,gender,phone,title,position) values ('p2OVzbV5g6','edinson.cavani','edinson.cavani@gmail.com','Edinson Cavani','https://upload.wikimedia.org/wikipedia/commons/thumb/9/9f/Edinson_Cavani_2018_%28cropped%29.jpg/250px-Edinson_Cavani_2018_%28cropped%29.jpg','A','M','0987654321','Mr','E');
insert into users (user_id,username,email,display_name,image_url,status,gender,phone,title,position) values ('pfb2pwUKVQ','juan.mata','juan.mata@gmail.com','Juan Mata','https://upload.wikimedia.org/wikipedia/commons/7/70/Ukr-Spain2015_%286%29.jpg','A','M','0987654321','Mr','E');
insert into users (user_id,username,email,display_name,image_url,status,gender,phone,title,position) values ('pvUujIKB7Y','anthony.martial','anthony.martial@gmail.com','Anthony Martial','https://upload.wikimedia.org/wikipedia/commons/thumb/4/48/Anthony-Martial-2015.jpg/250px-Anthony-Martial-2015.jpg','A','M','0987654321','Mr','E');
insert into users (user_id,username,email,display_name,image_url,status,gender,phone,title,position) values ('q7oK9WEitp','marcus.rashford','marcus.rashford@gmail.com','Marcus Rashford','https://upload.wikimedia.org/wikipedia/commons/5/5e/Press_Tren_CSKA_-_MU_%283%29.jpg','A','M','0987654321','Mr','E');
insert into users (user_id,username,email,display_name,image_url,status,gender,phone,title,position) values ('s3oiicc88g','mason.greenwood','mason.greenwood@gmail.com','Mason Greenwood','https://upload.wikimedia.org/wikipedia/commons/thumb/9/9c/Greenwood_asse_om_2425.png/250px-Greenwood_asse_om_2425.png','A','M','0987654321','Ms','E');
insert into users (user_id,username,email,display_name,image_url,status,gender,phone,title,position) values ('tGBxG3ywmt','lee.grant','lee.grant@gmail.com','Lee Grant','https://upload.wikimedia.org/wikipedia/commons/thumb/8/8e/LeeGrant09.jpg/400px-LeeGrant09.jpg','A','M','0987654321','Ms','E');
insert into users (user_id,username,email,display_name,image_url,status,gender,phone,title,position) values ('tiMdj7Zd0u','jesse.lingard','jesse.lingard@gmail.com','Jesse Lingard','https://upload.wikimedia.org/wikipedia/commons/thumb/7/78/240609_FC_%EC%84%9C%EC%9A%B8_%ED%8C%AC%EC%82%AC%EC%9D%B8%ED%9A%8C_%28Jesse_Lingard%29.jpg/250px-240609_FC_%EC%84%9C%EC%9A%B8_%ED%8C%AC%EC%82%AC%EC%9D%B8%ED%9A%8C_%28Jesse_Lingard%29.jpg','A','M','0987654321','Mr','E');
insert into users (user_id,username,email,display_name,image_url,status,gender,phone,title,position) values ('uTWR66xW3J','keylor.navas','keylor.navas@gmail.com','Keylor Navas','https://upload.wikimedia.org/wikipedia/commons/thumb/d/dc/Keylor_Navas_2018_%28cropped%29.jpg/250px-Keylor_Navas_2018_%28cropped%29.jpg','A','M','0987654321','Mr','E');
insert into users (user_id,username,email,display_name,image_url,status,gender,phone,title,position) values ('wodNv16WnS','achraf.hakimi','achraf.hakimi@gmail.com','Achraf Hakimi','https://upload.wikimedia.org/wikipedia/commons/9/91/Iran-Morocco_by_soccer.ru_14_%28Achraf_Hakimi%29.jpg','A','M','0987654321','Mr','E');
insert into users (user_id,username,email,display_name,image_url,status,gender,phone,title,position) values ('xG1GAvBRAa','presnel.kimpembe','presnel.kimpembe@gmail.com','Presnel Kimpembe','https://upload.wikimedia.org/wikipedia/commons/thumb/0/0e/Presnel_Kimpembe.jpg/400px-Presnel_Kimpembe.jpg','A','M','0987654321','Mr','E');
insert into users (user_id,username,email,display_name,image_url,status,gender,phone,title,position) values ('xWH7nN5ZFe','sergio.ramos','sergio.ramos@gmail.com','Sergio Ramos','https://upload.wikimedia.org/wikipedia/commons/thumb/e/e3/Sergio_Ramos_10mar2007.jpg/500px-Sergio_Ramos_10mar2007.jpg','A','M','0987654321','Mr','E');
insert into users (user_id,username,email,display_name,image_url,status,gender,phone,title,position) values ('yDa4bThoP0','marquinhos','marquinhos@gmail.com','Marquinhos','https://upload.wikimedia.org/wikipedia/commons/thumb/d/dc/FC_Salzburg_gegen_Paris_Saint-Germain_UEFA_Champions_League_49_%28cropped%29.jpg/250px-FC_Salzburg_gegen_Paris_Saint-Germain_UEFA_Champions_League_49_%28cropped%29.jpg','A','M','0987654321','Mr','E');
insert into users (user_id,username,email,display_name,image_url,status,gender,phone,title,position) values ('yevNmG6Q0l','marco.verratti','marco.verratti@gmail.com','Marco Verratti','https://upload.wikimedia.org/wikipedia/commons/d/d0/Kiev-PSG_%289%29.jpg','A','M','0987654321','Mr','E');

update users set language = 'en', dateformat = 'd/M/yyyy';

insert into passwords(user_id, password)
select user_id, '$2b$10$LWBgFYSRFpw/lysdne3ybuODJRAk1/qi2z.nhu9fXKA5vH/10AYY.' from users;
/* Password1! */

insert into user_roles(user_id, role_id) values ('aft2KNdQhi','admin');
insert into user_roles(user_id, role_id) values ('al6TZ0p4iE','admin');
insert into user_roles(user_id, role_id) values ('bkbH1PHu9O','admin');
insert into user_roles(user_id, role_id) values ('bL7sQBeO5m','admin');
insert into user_roles(user_id, role_id) values ('bphT4IllDy','it_support');
insert into user_roles(user_id, role_id) values ('cHGwWRCdPx','it_support');
insert into user_roles(user_id, role_id) values ('cKAvrWUwa1','call_center');
insert into user_roles(user_id, role_id) values ('cSojoy4GUs','call_center');

insert into user_roles(user_id, role_id) values ('dXlkg4NA9J','content_writer');
insert into user_roles(user_id, role_id) values ('emAmlZff9p','content_writer');
insert into user_roles(user_id, role_id) values ('ePXNMefKJx','content_writer');

insert into user_roles(user_id, role_id) values ('ftMd80w4x2','content_approver');
insert into user_roles(user_id, role_id) values ('gHZY91SouH','content_approver');
insert into user_roles(user_id, role_id) values ('gLEDc8dQIp','content_approver');
insert into user_roles(user_id, role_id) values ('gPrLYi4xOy','content_approver');
insert into user_roles(user_id, role_id) values ('gv99fpMeFy','content_approver');

insert into audit_logs (id, resource, user_id, ip, "action", "time", status, remark) values('6xydt3Qap', 'authentication', 'bphT4IllDy', '188.239.138.226', 'authenticate', '2023-07-02 21:00:06.811', 'success', '');
insert into audit_logs (id, resource, user_id, ip, "action", "time", status, remark) values('gRAIVh1tM', 'term', 'bphT4IllDy', '188.239.138.226', 'patch', '2023-07-03 12:09:51.659', 'success', '');
insert into audit_logs (id, resource, user_id, ip, "action", "time", status, remark) values('d8sQRO1ap', 'entity', 'bphT4IllDy', '188.239.138.226', 'patch', '2023-07-03 13:04:20.950', 'success', '');
insert into audit_logs (id, resource, user_id, ip, "action", "time", status, remark) values('gMu1Rh1aM', 'entity', 'bphT4IllDy', '188.239.138.226', 'patch', '2023-07-03 13:04:24.491', 'success', '');
insert into audit_logs (id, resource, user_id, ip, "action", "time", status, remark) values('jrFkzsQaM', 'authentication', 'bphT4IllDy', '188.239.138.226', 'authenticate', '2023-07-03 16:00:42.627', 'success', '');
insert into audit_logs (id, resource, user_id, ip, "action", "time", status, remark) values('4lVacs1aM', 'authentication', 'aft2KNdQhi', '::1', 'authenticate', '2023-07-03 16:22:13.157', 'success', '');
insert into audit_logs (id, resource, user_id, ip, "action", "time", status, remark) values('a8Y-cbQtM', 'product', 'aft2KNdQhi', '95.194.49.166', 'patch', '2023-07-03 16:22:23.430', 'success', '');
insert into audit_logs (id, resource, user_id, ip, "action", "time", status, remark) values('Wvc4Us1aM', 'term', 'aft2KNdQhi', '95.194.49.166', 'patch', '2023-07-03 20:43:31.757', 'success', '');
insert into audit_logs (id, resource, user_id, ip, "action", "time", status, remark) values('tcztIsQap', 'term', 'aft2KNdQhi', '::1', 'create', '2023-07-03 20:44:02.086', 'success', '');
insert into audit_logs (id, resource, user_id, ip, "action", "time", status, remark) values('dO7zIb1ap', 'entity', 'aft2KNdQhi', '::1', 'patch', '2023-07-03 20:44:47.349', 'success', '');
insert into audit_logs (id, resource, user_id, ip, "action", "time", status, remark) values('K-KcIbQtp', 'company', 'aft2KNdQhi', '::1', 'patch', '2023-07-03 20:45:55.702', 'success', '');
insert into audit_logs (id, resource, user_id, ip, "action", "time", status, remark) values('G5JcIsQap', 'company', 'aft2KNdQhi', '::1', 'patch', '2023-07-03 20:45:59.129', 'success', '');
insert into audit_logs (id, resource, user_id, ip, "action", "time", status, remark) values('HaLnIb1tM', 'company', 'aft2KNdQhi', '::1', 'patch', '2023-07-03 20:46:02.818', 'success', '');
insert into audit_logs (id, resource, user_id, ip, "action", "time", status, remark) values('h_kcUbQap', 'company', 'aft2KNdQhi', '219.62.20.91', 'patch', '2023-07-03 20:46:05.519', 'success', '');
insert into audit_logs (id, resource, user_id, ip, "action", "time", status, remark) values('jpTZIbQtM', 'company', 'aft2KNdQhi', '70.182.126.53', 'patch', '2023-07-03 20:46:07.779', 'success', '');
insert into audit_logs (id, resource, user_id, ip, "action", "time", status, remark) values('UH_ZUsQtp', 'company', 'aft2KNdQhi', '70.182.126.53', 'patch', '2023-07-03 20:46:32.408', 'success', '');
insert into audit_logs (id, resource, user_id, ip, "action", "time", status, remark) values('wP1SUsQtp', 'company', 'aft2KNdQhi', '70.182.126.53', 'patch', '2023-07-03 20:46:34.747', 'success', '');
insert into audit_logs (id, resource, user_id, ip, "action", "time", status, remark) values('BxYPUb1aM', 'role', 'aft2KNdQhi', '::1', 'patch', '2023-07-03 20:46:42.944', 'fail', 'Data Validation Failed');
insert into audit_logs (id, resource, user_id, ip, "action", "time", status, remark) values('rjegUs1tM', 'role', 'aft2KNdQhi', '::1', 'patch', '2023-07-03 20:47:02.120', 'fail', 'Data Validation Failed');
insert into audit_logs (id, resource, user_id, ip, "action", "time", status, remark) values('lbmgUbQtM', 'role', 'aft2KNdQhi', '::1', 'patch', '2023-07-03 20:47:09.713', 'fail', 'Data Validation Failed');
insert into audit_logs (id, resource, user_id, ip, "action", "time", status, remark) values('5o7-JsQap', 'role', 'aft2KNdQhi', '::1', 'patch', '2023-07-03 21:02:15.442', 'success', '');
insert into audit_logs (id, resource, user_id, ip, "action", "time", status, remark) values('6eTFGbQap', 'role', 'aft2KNdQhi', '::1', 'patch', '2023-07-03 21:05:48.155', 'success', '');
insert into audit_logs (id, resource, user_id, ip, "action", "time", status, remark) values('14S3JsQaM', 'role', 'aft2KNdQhi', '::1', 'patch', '2023-07-03 21:05:55.771', 'fail', 'pq: duplicate key text violates unique constraint "rolemodules_pkey"');
insert into audit_logs (id, resource, user_id, ip, "action", "time", status, remark) values('DOYhJb1tp', 'article', 'aft2KNdQhi', '::1', 'patch', '2023-07-03 21:06:22.692', 'success', '');
insert into audit_logs (id, resource, user_id, ip, "action", "time", status, remark) values('gKzOGs1tp', 'article', 'aft2KNdQhi', '::1', 'patch', '2023-07-03 21:06:25.995', 'success', '');
insert into audit_logs (id, resource, user_id, ip, "action", "time", status, remark) values('SD3OJsQaM', 'authentication', 'bphT4IllDy', '188.239.138.226', 'authenticate', '2023-07-03 21:06:32.586', 'success', '');
insert into audit_logs (id, resource, user_id, ip, "action", "time", status, remark) values('wD-7GbQaM', 'term', 'bphT4IllDy', '188.239.138.226', 'patch', '2023-07-03 21:08:36.507', 'success', '');
insert into audit_logs (id, resource, user_id, ip, "action", "time", status, remark) values('n3x7Js1tp', 'product', 'bphT4IllDy', '188.239.138.226', 'patch', '2023-07-03 21:08:41.929', 'success', '');
insert into audit_logs (id, resource, user_id, ip, "action", "time", status, remark) values('Jm2NJbQap', 'product', 'bphT4IllDy', '188.239.138.226', 'patch', '2023-07-03 21:08:47.577', 'success', '');
insert into audit_logs (id, resource, user_id, ip, "action", "time", status, remark) values('mHJNJbQtM', 'product', 'bphT4IllDy', '188.239.138.226', 'patch', '2023-07-03 21:08:54.878', 'success', '');
insert into audit_logs (id, resource, user_id, ip, "action", "time", status, remark) values('u2RuJs1tM', 'user', 'bphT4IllDy', '188.239.138.226', 'patch', '2023-07-03 21:09:32.212', 'success', '');
insert into audit_logs (id, resource, user_id, ip, "action", "time", status, remark) values('2GrXJb1tM', 'user', 'bphT4IllDy', '188.239.138.226', 'patch', '2023-07-03 21:09:43.729', 'fail', 'Data Validation Failed');
insert into audit_logs (id, resource, user_id, ip, "action", "time", status, remark) values('tx0dJsQtM', 'user', 'bphT4IllDy', '188.239.138.226', 'patch', '2023-07-03 21:10:10.950', 'fail', 'Data Validation Failed');
insert into audit_logs (id, resource, user_id, ip, "action", "time", status, remark) values('Ua9dJbQaM', 'user', 'bphT4IllDy', '188.239.138.226', 'patch', '2023-07-03 21:10:15.896', 'fail', 'Data Validation Failed');
insert into audit_logs (id, resource, user_id, ip, "action", "time", status, remark) values('QD3KJb1tp', 'user', 'bphT4IllDy', '188.239.138.226', 'patch', '2023-07-03 21:10:21.980', 'fail', 'Data Validation Failed');
insert into audit_logs (id, resource, user_id, ip, "action", "time", status, remark) values('CU5dGs1tM', 'user', 'bphT4IllDy', '188.239.138.226', 'patch', '2023-07-03 21:10:26.719', 'fail', 'Data Validation Failed');
insert into audit_logs (id, resource, user_id, ip, "action", "time", status, remark) values('UnAKJs1tM', 'user', 'bphT4IllDy', '188.239.138.226', 'patch', '2023-07-03 21:10:31.352', 'fail', 'Data Validation Failed');
insert into audit_logs (id, resource, user_id, ip, "action", "time", status, remark) values('SiyKGs1ap', 'user', 'bphT4IllDy', '188.239.138.226', 'patch', '2023-07-03 21:10:38.634', 'fail', 'Data Validation Failed');
insert into audit_logs (id, resource, user_id, ip, "action", "time", status, remark) values('yYReJsQaM', 'user', 'bphT4IllDy', '188.239.138.226', 'patch', '2023-07-03 21:11:10.110', 'success', '');
